id,predicted_price
2591820310,368388.38
7974200820,940272.9
7701450110,1083811.8
9522300010,1873341.8
9510861140,710906.5
1761300310,254015.78
7732410120,812053.9
7010701383,672866.2
291310170,430614.94
4232901990,613486.25
6840701125,597080.7
3971700580,390289.75
4202400078,243336.9
6064800090,323571.25
2626119028,229080.06
3303980660,1134228.9
862000020,787297.9
2386000070,955369.6
1138000450,386234.94
1775800420,471457.12
2291401425,426560.28
2025770560,973482.5
3525069037,739104.0
9324800450,543001.7
8080400136,539140.9
8651540040,523000.7
9407001790,235004.8
1773101530,154646.0
9432900250,339388.3
1794500695,641279.3
2220069003,326886.94
923000120,462592.44
5728000060,551877.5
16000200,241381.28
1926059094,428698.56
6672900220,982663.2
3629860060,847015.94
1822069109,422126.2
6675500105,374638.9
249000180,2000410.2
226059065,501208.06
396100110,262420.03
9264450460,304657.34
7853361210,394239.2
9474700020,270177.12
421000455,233620.72
3755200220,418352.97
7960100075,451875.0
9477100490,406706.88
9138100350,780840.2
1624049275,505938.06
2770606890,502403.34
1157200189,422077.66
2770601800,510627.28
9301300805,526351.1
2325069032,1133990.8
1021079099,338816.8
7215730040,764572.2
1853200080,468517.12
3224600340,722975.3
3222049120,416703.56
2113700025,268011.78
7893207925,223003.89
3586501085,590684.8
8024200010,380920.34
7116500705,182958.06
1598600209,290302.1
7204200025,634334.1
4206901505,578744.5
2937300440,883153.1
7205000180,341724.06
8718500665,357982.06
5318101765,925453.8
4122700020,980384.25
8078700020,481189.56
3303980680,921242.0
8924100372,1276260.8
2781270210,212669.83
519000043,559773.3
3225069301,1426084.2
151000075,737726.75
2297400020,433090.8
6617500085,624197.8
104510180,245724.05
3528900060,990373.3
3345100286,518870.56
1226039130,429939.38
8712100720,792725.9
3037200010,373188.25
3626039268,435395.8
104510230,241525.47
5112800060,402236.6
6072400280,661040.5
5317100570,1017636.25
9528102993,560242.3
2919201095,525376.25
6181400920,249906.19
185000161,252387.69
8691400010,747757.44
3345700165,570090.75
6151800486,234212.88
4340000080,1247811.9
4136960010,524037.9
3634100030,309084.3
1624059224,1040224.4
2788400090,241792.22
9828200762,460964.3
7524400250,529317.94
3528000290,753557.94
5700003630,1764246.2
2720069019,301020.56
7227501170,236547.12
2397101270,646354.9
6792100090,735789.06
2770602265,531973.0
3971700937,285778.34
422049203,224785.6
3076500830,298600.28
1423400260,273522.3
9161100795,469372.88
3126049052,468228.38
5100401468,374602.56
514500235,422153.38
1423200170,186806.84
1402100070,385484.8
624110020,718583.5
2407000145,208102.1
1890000225,834383.7
1320069271,326424.2
5490700085,353543.9
263000155,466521.1
3726800201,403078.9
5153200358,293948.34
2725079018,741823.4
7165700200,275172.75
9429000170,573702.5
8718500075,379610.75
1760650950,301297.7
1068000559,1213238.0
4113800500,676921.7
4077800507,568386.0
2725069150,727740.3
4008400035,653399.5
7016310270,424441.94
1432701230,213508.52
3278606050,325052.5
2473350710,396767.75
2185000685,148063.25
7792000025,367829.34
6868200029,487051.16
624069003,755224.6
7431500280,817453.8
3296000040,563828.4
1118001215,1662839.6
6453900040,652988.44
333100209,643774.3
34001765,640257.4
8946700100,385337.94
5561401210,566714.1
6671900095,359198.66
3275850020,714457.4
3876300600,402255.3
1450900020,251420.1
8562780280,325850.62
7663700973,307649.47
2126049032,371859.03
1823059159,179778.95
3438503426,279623.88
9297301495,582385.75
7140700850,363742.88
7942601805,685174.6
2555900030,341129.38
2887970040,271243.56
7419700010,639680.1
2239000011,386211.94
9283800050,340521.7
9407001340,278658.2
217500140,530829.75
7212660520,230340.0
3298201170,345283.16
3057000400,278312.5
6865200444,489981.7
6071600340,507044.4
6821600005,668173.4
1235100371,781877.75
7796450340,351416.84
3603000410,165209.16
9297300255,523756.06
9126100850,577368.75
2770601462,515063.75
2599001500,222092.72
1102000095,813440.6
1853080640,948912.2
9551201585,995146.3
3438500796,327424.34
7518504291,530652.56
9269200340,414757.0
715010130,1610517.0
1982201485,647691.5
9526500080,387984.62
9277200180,446928.84
6669150280,297205.56
8917100153,611494.75
3760500516,1023849.06
2725069050,943096.4
3332000091,331265.84
8562770080,626073.25
8151601190,255497.27
8563040160,613798.1
240000269,638734.6
4307350200,307659.66
1311910300,277003.66
3574900030,507007.2
7853230570,424038.56
320069049,354075.9
9839301060,653963.4
7011201333,679154.7
2781320100,285099.06
3421069120,416915.38
7852030320,447009.5
5316101075,2132484.2
5309100750,531582.44
629000730,744264.9
511700170,306946.1
1562100030,537858.2
2489200230,572363.44
524069116,502042.56
5315100737,963942.44
1868900675,813460.9
1608000120,347823.1
705700240,355876.7
7575600610,267440.6
1778500015,675558.9
5423500240,187862.78
6713700025,351793.2
2734100734,289939.16
301402280,205094.89
2113700205,274468.44
4114601570,2968509.0
3332000615,317945.5
3630050180,342941.25
6852700520,550623.5
6870310010,635673.6
6163900981,313598.7
393000142,395147.56
1771100130,329791.3
1442860160,392562.4
9191200435,561539.2
6788200800,953292.44
1115300070,632276.5
3176600105,796001.94
2770604665,571166.7
5469500580,403766.78
5680000545,521062.1
3424089119,579469.8
1328300180,338664.47
1773100922,344904.28
4123830480,329989.75
9808610190,875259.25
4250200140,278629.6
4217402115,3969264.0
3831250350,359367.72
2397101055,795037.94
6817850110,814921.4
7526800200,630420.75
7853370100,645292.4
2523089025,1045978.6
9476200680,270411.72
5714200140,398436.34
3575304895,526439.7
263000018,404382.88
8080400177,511818.28
6450304130,323977.56
514500090,590250.4
9477000300,447061.94
853600310,1483519.8
1951600240,198724.9
1099900120,310445.8
5323100120,544947.8
1223089016,463463.8
522059172,247063.9
1930300190,716059.4
9542840410,311485.88
8665050530,490748.5
5592900205,342552.9
5450300010,635625.25
2459960030,338210.53
3331500455,549835.4
3432500705,424041.75
3702900165,323536.97
5249803550,566283.9
626049058,450303.84
1788900380,174253.33
8075400360,228162.1
9113200250,732603.1
2738640040,662492.4
7821200307,487853.5
3530440140,231946.56
3582700130,430416.4
9276200569,731753.5
7197800020,592837.6
686200490,522704.4
3501600100,374199.78
6383000690,598333.75
7604400150,348240.56
5249801411,741338.75
2607720420,441618.8
9561100010,383617.12
1796370590,246035.66
4077800593,381900.2
854000165,248487.38
5536100010,722690.7
4188000670,832025.7
31000165,1289097.0
662350050,925286.4
4137000280,259880.17
6169901130,1021059.6
1953400510,251604.62
7518506716,965553.25
1552520010,360669.2
7955080270,314549.44
9212900100,510434.84
3438500798,328054.3
7899800890,233280.03
4319200605,494330.3
1329300480,349475.8
8935100100,736446.6
5016001260,467002.6
4337600280,292072.12
1446401220,188737.52
7135521530,670890.7
6888900115,248722.94
2413301070,309174.3
345700040,283915.94
5566100145,458254.34
7634800070,361034.06
9346910500,616306.7
3529300060,302522.75
8128600060,1102782.5
8572900275,224208.97
4139420590,1358570.6
9274200322,597283.4
1472700200,534732.75
8820903380,562336.44
8563010130,780884.25
8965450110,880469.5
9274204230,505012.44
8165501700,346018.56
2193340260,526058.25
1860600290,869908.1
1222000055,214864.47
2492200280,471052.7
2488200455,377704.94
809001520,1069954.5
1796361140,235750.61
6398000011,706054.1
6813600365,552060.94
7504100920,784606.44
8835770330,565860.8
524059322,801735.25
4307330280,387115.75
1245002952,1117678.8
2021069059,255187.75
5700000595,631803.2
3629970930,745401.1
3336002215,243911.31
5100401060,639716.44
3278600750,252370.88
1126069045,1023459.25
7568700175,313938.16
452001475,492079.25
9283800230,503325.25
1737300130,539493.75
6189600040,493477.5
3679400025,483214.94
1096100010,330684.78
9513900050,243868.84
5452800645,758386.06
273800100,243760.47
7228500037,473060.3
808300090,460490.38
2493200215,572302.06
5035300255,686250.4
3380900160,378810.97
3630000130,418670.8
7300400670,281310.38
6798100070,364438.56
8078400010,567567.25
5566100060,516548.8
2768200212,476028.0
4035900060,534462.5
9460000110,329159.3
7199320190,573102.0
2225039081,469720.5
9512200050,554796.1
2634500085,305368.06
3654800200,279005.0
2724079090,1315255.9
2597520720,788935.75
3034200426,355903.75
984000130,293415.44
7852020670,442173.7
7923500060,699245.56
2310030510,291094.94
2205500540,502909.0
2493200015,428006.88
7853361420,572758.6
5652600605,541307.7
5285200020,302431.72
9406530150,358629.53
5706300020,477981.56
3278602490,397240.0
7197000100,531143.7
4447300008,513756.97
7899800045,244291.16
9250900095,337687.3
9268851740,607251.9
8682261440,513269.2
7284900385,753781.6
8079040300,444434.38
2225300585,398100.12
3223039013,476933.7
2013801350,248668.3
4055701110,847611.75
3578401770,455260.94
4046500720,540866.9
6145601745,339272.9
5207200195,653501.9
1972201856,555299.75
7212680080,248251.69
7277100510,702509.8
522079022,627757.06
5605000440,816441.3
6632300230,353627.88
8815400165,644003.75
6708200320,497970.2
2426059076,560938.2
3260200200,571664.5
2770601741,500724.06
4338800500,246565.48
9201000320,758218.7
7655900038,325999.38
3625059140,597991.4
4222310010,214483.55
2114700115,310797.44
3291800710,318579.12
9406590010,393254.38
3025059124,2339389.5
7972601250,360636.94
930000470,870812.25
6690500060,509529.0
16000015,198389.38
5693501102,594274.6
8079040490,455395.66
7225000155,366654.16
8819900170,814252.44
7972601270,317060.6
1224069074,767315.06
5126900321,346020.7
3438501860,293038.25
2822069080,436483.44
1656600310,569933.4
3856900507,1343865.8
1626069139,471346.88
2524049257,1427160.0
3904960150,544666.9
7214820610,437661.28
7977201845,598821.44
2428100080,768419.56
2202500135,402393.8
1523550220,693724.2
2313900610,466154.38
4123840050,381075.2
2125059124,943474.75
1225039067,457730.28
6431500283,468458.75
2473380010,304604.56
5694501195,440748.0
2881700046,368526.75
6837820330,328078.47
2337300370,203777.28
3876540630,231369.67
626059317,345660.4
3374500520,337235.12
7228501903,380877.78
4019300051,491099.62
4232902615,617023.25
3546000090,247317.12
8127700215,735041.5
3438501100,346496.8
1769600066,651012.4
8146100610,604078.1
3052700695,569197.9
7954310210,637768.5
3761700053,1743882.0
1320069179,352852.03
1331900410,794403.06
7303100210,336128.0
2464400285,507043.56
6163901150,352148.47
8955800045,322803.1
2314300200,422703.06
9528104360,426095.94
4177100005,641553.4
8856960260,312376.75
1828001220,631154.0
3066400710,659265.1
624110610,832549.44
4040800260,411251.94
5019500215,517979.78
2481630180,1033038.94
7203170190,665545.25
510001280,915144.9
9430110120,753335.9
1565950030,327339.1
9828202255,828013.8
3878900270,420392.25
8091600080,212397.89
1112000035,301303.56
2228900270,303752.12
6648701740,299186.97
1245003740,700483.75
2174503441,565365.56
7708250010,310463.38
6072300110,595228.6
2329800140,263513.2
1494300040,536008.0
3832050130,288229.78
7203100730,891283.94
7199330170,464607.03
7785000220,741579.75
1250201175,446147.88
4054500180,1027112.4
7905200061,444912.3
3751604895,191343.39
5220300140,265866.6
3323059027,323639.47
8651611980,854518.7
8673400190,548362.44
1668500100,796502.56
1023059365,605056.3
3308030060,332971.66
4232400860,842060.1
2144800615,242897.31
1568100920,1572281.2
9406510040,490089.56
2923049421,324962.38
1051000040,1612626.0
2077700042,692262.8
9423800030,266444.25
9818700455,664177.5
7133300675,387624.66
4113800550,667885.0
5553300375,1631869.0
2025701530,276932.12
7942601155,466494.2
7524300020,265529.97
2520069100,312460.2
5412300410,218943.66
7504110760,715817.44
2594200350,414507.47
2722059013,247664.34
8078430480,545808.94
1423069162,521325.28
8856001090,167455.08
7000100631,794924.25
4222200280,230314.17
7971300050,630527.8
2009001600,249123.25
6619910140,638880.4
2877100985,566492.25
1196000007,354749.78
1330850130,736364.5
6664900410,263333.94
1231001110,309858.3
9235900030,275522.53
9407101840,311424.12
9523103001,424510.22
2149800278,388763.34
7234601198,648171.75
9476700035,409010.44
9297301065,700339.1
518500700,743226.5
7843500090,338939.16
6056110780,298559.6
2345700260,351012.56
3509600070,248568.8
1431700280,351457.88
1623049174,272617.75
3024089049,342145.1
7853340450,388692.62
7732410360,787566.9
1446800995,320936.75
2946000285,238044.9
425079100,485218.25
3876313040,432059.25
1762600260,985525.25
1925069121,952415.7
7443000480,829424.75
7820000015,352693.3
4027701253,496340.06
2826049165,379105.25
5426300060,925080.75
1278000210,139534.64
923000270,362875.56
7657600005,252985.95
3024079057,394037.2
3276180020,296878.1
7304300760,297700.9
3908100020,578578.9
8835400805,682818.75
4051150070,204673.5
3904930530,470701.3
6163900971,361415.0
7942600310,419197.6
4365700330,241854.23
423059207,282740.8
3992700265,345572.47
7177300090,466259.8
2540820010,614158.1
5700002510,916056.75
5201000030,568207.2
7631800015,1826663.0
2922702965,659423.06
1525059198,907503.4
1245003160,780899.6
3810000455,316418.75
7855600080,618473.25
5701500030,1128025.4
7504020400,622702.5
1402600570,307825.38
7575610760,269047.0
8731990370,364461.12
5021900090,860824.8
290000075,450810.8
2841500010,414430.2
3955900830,428309.88
7852110140,559968.4
1311400350,247386.9
7773800015,558402.0
4123400320,510457.38
2725069157,830036.0
666000143,702362.25
5101408678,505306.06
6371000026,371964.75
2024059084,691383.8
7283900036,332156.75
8881900230,753759.8
3959400135,354577.8
7696610270,226324.38
1689400150,832396.8
5103900015,405441.4
1441000350,453696.03
5101408735,319745.9
3126059027,1809371.8
2320069014,468435.94
9541600015,631891.7
8682320420,764233.4
1562200090,620337.0
3395070980,607522.4
7349600230,249794.5
522049122,252170.08
869700060,289595.72
811000055,1192074.9
1221059176,401665.16
1523059103,495073.0
2025760210,789882.5
9218400088,298504.4
8682292020,460385.7
2623089135,419632.5
3758900259,1330581.8
524069049,625730.5
3121500150,837704.94
5581400080,795977.4
8087800020,474452.5
4070700290,817538.3
3296000170,627816.1
9238500040,552560.94
2744600040,363273.2
6813600380,606001.2
6140100150,518850.94
2201500555,461158.2
2600110250,628531.25
4337000275,154877.31
1186000150,619982.75
1972201963,521968.56
1105000745,355297.72
2887700560,601396.75
4039700080,638629.0
522049104,303068.94
4202400078,243336.9
7520000695,187444.55
7714000310,414273.5
4319200060,663592.94
8624700015,646595.7
5104520610,314446.1
2354300845,340066.06
3824100291,487577.7
6151800612,259854.95
5454200080,919568.4
6413600290,343863.12
2131200065,324435.78
1459920010,263684.44
50300090,406385.3
2326300090,607467.6
7714000070,411872.12
3630180500,1022921.8
1727850340,986452.06
8691430330,953598.6
2310030390,232974.9
5561400610,499892.34
7010701016,527917.5
7883605915,238836.38
1282300995,343039.62
4040700310,493361.88
3353400435,229318.02
2143701015,501887.75
255450020,370857.03
1020069017,323768.8
4038200120,503106.88
9284801100,255861.83
1965200075,610632.1
847100047,526104.75
4038700720,528221.9
6815100085,809007.4
2508000020,292676.25
255520180,653332.9
6822100750,626577.06
869700050,329894.38
1775801405,582840.0
6600400090,216753.22
7202330270,449628.3
1683400165,852233.25
2625069070,1060084.2
7625702440,426110.84
3388000640,234536.0
1899400365,282753.5
6899990200,855101.25
5569700020,867014.56
986000045,284480.4
3293700221,300154.8
3764800250,375940.75
2291400566,368959.28
4219401236,1577219.0
4239400840,160226.81
7211400990,221005.23
7696500280,198539.4
7215721070,506561.88
3204850140,358439.94
4322200220,683561.25
2566300100,1225953.1
1944900090,439587.03
6648500390,301156.8
7385300020,719417.06
1704900135,340159.25
2877100655,768652.9
2726079098,560711.06
7625703800,488987.44
318300040,498760.3
7922800190,525643.5
2023049361,220314.7
8946400210,465490.75
6071600450,549257.8
4343800100,409151.5
1443300140,365179.56
1024039001,793862.2
2767704860,577399.9
7234600851,652969.4
644200065,797693.8
7784400035,783827.8
3826000560,216279.36
9272202260,400809.62
263000253,399780.66
3621059043,635141.0
240000130,554627.3
1352300120,198506.1
7849200861,299840.88
2487700130,491949.56
1796100140,311036.4
7234601221,504040.16
8651710190,464327.88
2916200091,541437.25
1232000915,506016.7
1545801970,285523.66
3211200420,334466.22
7686204675,192850.67
3141600210,166151.33
3959401284,538229.4
2113700825,252962.78
3876000710,393304.5
522069022,502325.7
3214200070,368008.0
1221039156,298685.12
259600790,434757.84
785000040,533956.9
8138870470,506825.75
2596300035,307558.7
540100057,1454841.9
3073500045,496875.3
5363200266,391285.22
8682261650,515161.9
3224510080,836377.94
3211270160,422401.5
9269200520,166751.12
293810190,496034.62
4197400043,317749.1
3026079031,336388.78
5332200405,942889.5
2473411210,304684.66
9268200315,560760.7
8123500050,613306.94
3221069091,487281.0
2485000165,628888.0
4058800215,509749.1
1926059039,817734.4
2533300680,907349.4
3343903640,300702.38
5700003705,1306615.6
2023049372,408158.7
4058800830,548748.5
3333002302,424948.75
2944500340,281451.75
1982200790,575951.2
8929000270,498849.38
8122101440,291663.2
7525530470,778810.25
9332800020,706592.7
3878900525,238523.81
5420300210,251619.5
9232900165,346425.5
6414100026,433125.72
3013300660,849419.5
7954300120,573701.94
1081200360,340826.56
2877102345,497431.06
2202500255,435391.56
7984400050,213509.97
9558020380,456202.22
7812801850,221387.28
8944460020,368424.9
2306400040,515900.7
8649400410,339389.1
7889602020,246008.4
2041000025,500581.2
871001484,608246.25
2767602141,556249.56
3630180470,792654.94
2769602140,475604.62
2473250280,335554.3
5422560660,528932.25
3756600240,365025.5
8651600160,789379.6
7202300540,879588.75
8961950250,453521.03
3303000130,436595.25
798000062,288245.12
1695900150,772768.8
1604730150,532697.0
4136930310,344378.44
8835401250,1234807.9
8665900328,386394.34
9262800255,291312.44
1853080570,825945.5
5556300114,865784.75
9517200290,435481.66
4037200295,475813.84
7417100123,382815.25
2620069077,204202.94
7922720040,648743.56
558100090,492687.53
257000037,259004.77
3319500385,390627.88
9297301520,332910.4
3580900090,370320.75
1321039076,164217.81
7227801581,262547.8
9407001620,307244.0
2130400150,331921.12
2312400200,249825.64
4046700210,363343.16
1193000480,939270.5
1492800296,573674.44
3013300017,413215.12
3630240140,625861.25
1049010390,338169.6
9320900420,153713.25
4315700060,411642.6
2591010290,304296.34
323089085,667041.2
6600400270,200047.5
2919701105,448492.06
7202360670,894903.75
8927600100,831817.0
3211700045,632911.44
4027701326,460201.25
1601600195,273313.1
7853280350,754875.4
3629970130,741331.4
7203120020,799809.75
9542900190,369453.75
8035350120,489164.2
1238501184,946254.44
251200240,485786.7
8945300200,201078.97
2162000160,1073558.1
5466310060,186883.83
1239400064,909859.6
5205000020,331750.97
1720800305,599792.75
7280300375,580756.3
2095800400,477308.53
7852010950,547736.1
1428001160,510538.62
9528104910,766563.6
8644210470,856131.94
7923300310,513965.8
254000100,595137.75
1931300688,494467.62
7007700030,437726.56
422049178,226666.25
422069067,492463.2
2923049393,404312.97
930000305,443292.7
2461900448,508697.47
2610100020,283964.0
2895550050,245842.25
7701700040,309558.47
2460900020,504008.75
9827700105,598855.44
1005000240,308050.62
7200001254,517468.06
866400040,493075.2
305000170,662314.6
2260800110,863184.25
3442000127,650817.1
5253300437,447055.06
7576700150,1106127.2
5469501410,467289.44
5104531120,702419.5
723049434,289818.8
622069006,1293905.5
2517101200,304445.75
8159620160,244268.84
5561300640,406829.6
3317010130,219937.9
4364200250,408361.5
8732300060,702944.94
5603700025,761744.4
3585900190,985963.6
3996900575,265987.94
8731801260,237277.98
3810000860,333886.0
5700003585,1932373.5
6332000050,494752.47
9286100250,419133.7
9471201110,959333.6
9290800050,620208.25
7300200400,636163.4
526069024,874454.1
1454600156,942078.75
3904980360,512699.6
2626119062,292881.3
8651730290,443665.66
7611200195,756614.75
1919800260,618825.44
6632900354,282568.62
3972900195,304530.62
5151600170,282592.1
7016000440,467940.38
871000435,742050.1
9578060540,512676.12
2332700060,798318.6
766000240,276099.62
4363700200,310811.06
7100000250,357731.8
2781250560,210510.86
2781250100,362539.62
5419800220,251753.77
7147600245,258912.64
2926069083,906404.5
6189200125,797166.06
9542830160,301831.66
5152200020,281801.75
9412900045,451843.94
6600410480,179542.66
6979970080,561474.06
5636010280,285874.5
1732801300,840053.1
5561401530,506724.6
9578500510,354429.62
7304300906,316535.3
1223089077,552607.9
721049207,261922.6
8691330310,840458.9
1523069204,451589.53
3188100105,638871.0
6608500290,412156.4
2891400410,357439.8
7663700551,304349.56
5413200140,244265.17
425069139,623660.2
6713700155,360640.62
2767603505,440494.88
7789000080,267737.88
9211500620,217205.34
3750604417,207725.14
7922800320,548028.5
1471620240,377174.5
2222059052,332173.2
9551200270,1012558.9
2767603160,593917.44
9406710060,365575.94
8929000250,346685.0
5538300120,412150.1
2223069120,475150.06
1652500060,1782768.0
8564500240,415042.28
3629700120,597913.9
3943600070,394902.25
4171200025,302953.47
2425049063,4227921.5
9828701650,386506.06
3581000340,346412.3
8100900015,357729.53
2125059161,1149485.9
304000380,210813.11
8146200070,1406855.2
686530170,563115.1
2917200645,487773.78
9547200530,781793.2
2122059199,390615.7
1150000740,688159.3
5706200060,336705.47
9265410010,222755.39
4083800555,513557.75
6152900332,361863.5
2520900301,212728.55
9828200790,584165.94
1657530180,281220.2
7471900045,269060.16
9828200460,413904.75
1775900140,460213.3
6139800430,457836.66
7214400005,500181.3
5332200026,561122.0
9510970300,825591.1
2540830020,436731.94
3392100140,189558.19
1326069191,350391.97
2125059112,1043265.6
859000022,334174.34
8854100350,601229.56
121059007,214504.1
7977201707,524796.7
3859900060,2730193.2
8815400735,786723.94
705700530,339087.4
6600780130,370548.88
6378500105,405431.22
8143000310,487988.7
2877102330,726247.56
3526039074,661145.4
2115510300,244066.34
3024059014,1977762.5
2141330360,600899.2
546000400,470249.75
2071500011,421764.38
7972000240,217311.4
7016200460,458855.53
6204200180,430135.2
1552100135,1140904.6
88000173,376727.06
2581900235,766225.94
9211500560,223407.66
621069218,439136.53
1321970240,296098.03
798000630,321398.47
421000285,259695.78
2824600180,815711.4
3832051140,315469.2
1237500105,719426.2
8802400906,270930.78
3166900270,378535.34
3682000060,352689.5
5469700020,277128.38
1245001820,638523.8
9547205660,571931.9
7974700122,796208.25
7550801225,556608.75
1099950050,773265.2
1402900460,314818.25
7636800041,1056561.4
2115720270,253722.8
8651441750,188619.03
3904100035,225146.28
8815400020,617360.56
3303860590,459263.2
5427110040,1169197.1
1782000160,341770.16
6204420290,483846.0
3995700245,294743.25
7955040130,463380.5
1442880650,512982.94
8833510230,870732.25
7283900551,433244.53
4396000180,245675.12
7504021310,670186.25
322059264,285719.25
3654800040,277432.75
2767704777,506182.56
3278602190,340653.4
3236500220,503757.06
3410600100,282186.06
629410180,762218.4
3352402250,150915.31
4363700304,352238.28
7237550130,1301956.4
9808590210,1123158.2
8074200175,278471.88
3463400330,428896.78
6306400140,857776.4
8564950250,537917.25
5381000070,226207.78
9826700697,466058.12
8132700190,456301.97
7943000020,179799.33
9547204675,561108.0
4112100101,534898.0
727500030,667513.44
114101426,362023.6
9274202005,764345.75
1193000380,887267.8
3039000020,479261.75
7852170130,654361.7
2624079010,597691.4
4137010540,294324.97
7576200012,817853.3
1138020020,328777.94
3969300030,208851.53
898000200,212340.84
5153100030,305344.03
5104532030,550044.4
4406000050,220450.53
9274203390,603679.75
8682290360,439529.56
6928600330,254852.6
4139680070,845164.5
6844702690,445961.44
2154970020,2000122.0
4385701285,1157216.2
2426059071,600813.4
2867300160,475534.47
9512500720,521497.53
1773101020,306682.22
8687800100,270811.7
3627800050,1432287.8
1604600227,287860.2
3300701170,406305.78
9250900111,491431.2
7015200790,613105.44
1311100490,247512.4
2469000010,933358.75
1982201596,535888.7
1862700290,349545.88
2586800270,228785.03
9528102772,509079.94
5490210200,431133.38
6669080020,423652.12
179003055,200396.44
1860600535,881225.6
1592000130,604452.5
3905040170,546556.9
9320500080,250789.78
9276200850,492044.3
224069114,643185.6
2260000340,600602.75
5096300130,429146.44
3432500215,368359.06
2600000050,701559.06
8856003839,232903.05
2492200435,432184.22
7855900110,1188582.4
6806100250,315871.75
2770603523,451048.38
1370800515,1690741.5
2726049150,475414.25
1226059161,574896.4
1068000375,2757957.2
9528104109,480321.4
5126310060,516875.38
1951820070,545842.44
1545805980,349337.2
9464700340,900388.56
4319200675,948934.94
7518500885,541546.75
7852020620,475131.12
869700370,345873.0
8643000190,248273.9
8902000267,482461.16
7972602435,252544.56
2050100210,978300.94
6705120540,474374.56
2767601390,620092.25
4141000490,1134129.8
9345400350,773924.94
3222079162,331382.47
7789000120,253267.19
6646200770,691198.44
6666800180,858807.75
1725800280,462661.9
6117500460,1165660.1
5470100220,229519.97
5457300478,466130.6
7550800195,593584.4
7787050180,552608.8
6204430250,512596.12
7640400250,524449.75
624110920,800609.75
3629920140,389697.03
7173700518,686509.2
3210200395,216409.88
2473480560,400315.66
2623089141,442952.88
1423800080,217946.83
2076400050,306153.0
3832060120,296384.8
7702600930,398036.9
5101404555,387151.7
3723800415,388780.28
3356403400,219905.98
9214400125,532756.56
1797500530,526312.56
9551201660,950149.6
3878900815,354425.38
1760650280,310322.66
5466410030,230941.06
6388930620,603890.94
2331300395,700089.25
9412700160,295193.2
871001611,680787.0
3142600120,590461.75
3995700220,345111.8
2310000280,286190.12
8039900400,411862.44
7504021510,707938.44
1959700445,1697567.1
1556200155,530278.94
3629960590,372614.8
259000240,450388.34
662440020,394070.25
3123049142,587790.75
321100260,794022.06
6840701095,494815.78
3738900165,380864.06
4427100130,391092.0
9238500100,459328.0
6145601810,357773.75
2570300090,377790.72
4017600010,515161.88
1005000220,357136.38
1257202120,515371.66
9527000490,492941.0
8691400080,691823.9
1726069084,430032.97
248000240,201975.03
6113400046,351845.62
2130702350,395142.72
920069052,262787.1
6071300160,562653.4
1623049041,142535.22
9268200285,382230.16
1843100520,384275.84
2887700826,615576.75
9122000385,570160.44
9475700220,373759.7
2804600005,811225.4
2896400300,358234.22
5015000180,720582.1
3630220180,797483.4
8832900780,589128.75
1568100300,437303.1
8718500610,403959.4
4147200140,1201749.6
1973700030,939575.25
8862000075,168354.16
9320990110,288215.3
1151100035,427477.94
2011000010,229189.31
1651500060,902118.6
446000190,742338.4
2344300220,886977.9
523049195,213901.8
9191200015,624395.25
7942601410,757477.44
7137800300,217954.72
7853300280,520928.2
6654700240,324588.53
569000050,593015.8
3584000180,245867.88
2026079055,341303.06
8898700880,278355.56
5075400150,623170.6
8731981360,369331.06
4222500020,227353.88
7996720050,618155.1
4077800094,600759.75
6446200365,580318.1
2824089053,523037.38
1311800220,230240.72
3522049063,609531.94
1721801280,193163.33
6131600240,198544.5
7202310040,597423.6
1123059125,516863.06
646910160,219208.5
5630500005,360877.34
3342100785,294278.3
9547205610,632824.9
1773100123,291896.62
3353400092,307026.62
217500015,383420.0
3649100031,405921.7
7896300150,282589.62
623049185,245754.72
1773100430,323289.62
1781500220,685642.6
3395380200,222195.94
2424059170,2337313.2
4389200765,1920333.1
1543000060,491452.94
6154900005,652572.75
2902200240,486147.47
1442880640,504579.7
8562770490,545148.3
2768300655,569710.9
3432501315,330242.1
5035300570,742908.5
3626039028,496227.75
3876540780,245207.06
327000100,1026751.6
7551300065,481246.84
1312920060,241192.84
2215901230,252857.12
6306800010,422202.9
2767700022,494792.44
5589900610,451429.12
4320200020,704261.06
5249804655,670503.9
9238500480,516409.25
3885806565,1267697.1
7905200205,437675.38
5727500102,317869.4
3585220070,403108.62
2078500210,567574.0
1839920050,391669.97
534000080,320965.12
856000255,631902.44
4141010110,1546669.0
9558040820,619291.44
7768700315,1121993.1
2796100640,283316.28
1922059010,217687.1
3448000542,250162.27
3883100220,279316.03
7237301210,276183.12
3893100456,890990.5
9578501110,361917.66
6145601995,446623.2
4024100120,310357.53
8899000050,335874.97
3396820010,583468.3
6749700117,356198.56
1954400060,509164.88
3303970100,714524.0
2540850070,448160.34
3797000745,507480.25
7883603700,241933.2
3438501452,358065.03
3530210260,714677.7
3598600049,189766.81
731500170,332284.12
7129304375,163563.02
263000006,404382.88
7212660560,309392.5
1112700010,429928.16
3420069060,632962.94
2473000470,429645.06
8691390980,721757.94
6184700100,441600.88
4476400275,364937.3
2968801240,282119.25
1529300160,437652.5
7640400070,606523.44
7016100380,450152.5
2172000890,459855.62
4035900015,722051.25
9528104660,1094177.6
507100005,371366.0
2783100160,384497.2
3629921140,854385.25
1099750610,241329.47
1330300451,1257469.1
2757000030,832610.6
2114700190,368780.8
2050000020,1065646.8
3832500790,272809.03
2612000390,338668.06
1483300430,501967.94
8899200720,304281.44
9183700470,301853.5
3530490031,221327.66
7857001225,332624.25
7920100083,372210.53
2254501620,429268.75
3303000130,436595.25
3876200070,402323.12
369000365,386579.72
3052700385,661720.44
7856550240,825868.2
7300410110,359751.34
7201800300,429613.56
1695900060,477666.3
9429500146,811771.9
3629910240,664660.44
8805400090,243644.12
1022069050,263637.12
1138010530,363580.62
7877400266,163603.06
7974200452,970479.4
2126049265,456959.3
9547204350,713006.5
5560000680,183020.28
3793500550,313875.44
4217401195,1033485.9
1826049408,373063.56
3905100210,473473.3
7695370160,505560.3
3210400060,224147.28
6146600170,153774.06
2767601750,434791.25
1773100926,346645.5
5700002125,526960.3
1951100100,192735.8
1402200340,330186.25
8044200200,355517.7
66000070,315061.75
5083100065,184749.44
4027701284,395522.97
5693501100,594502.7
3600072,541618.1
8078550250,308416.25
1922059046,265487.03
2902200016,665132.7
9183700845,156402.38
3333001997,293197.7
1432400525,258669.28
2824059128,498061.38
6453550090,878847.2
6202600070,1249178.2
7524100280,219755.39
3524039224,1010614.0
5739601300,550214.44
2473000410,409606.28
421059018,263149.75
4232901120,633885.75
5559600140,237174.53
3797310150,280018.72
7986400265,733785.75
3025300095,2678296.0
7524950830,560919.9
9407100730,268342.3
3812400854,382478.84
6002400030,315906.94
2212200090,231266.03
7202330610,505372.7
7300400170,321954.84
8965000110,465486.2
3996900125,306095.53
2221000100,289358.97
1524079088,316788.53
1133000036,373063.62
1868901190,713483.7
4037200530,465141.12
2095500120,337497.28
1995200338,778599.06
8820902350,774625.1
7459810210,386701.16
9536600010,636194.2
8085400586,1773491.6
7518503065,367604.28
8682320350,680511.1
3179100790,801315.1
9828702666,518473.75
6713700250,532661.6
2141330700,625746.25
7519001990,411789.22
3223069019,316144.94
7994700030,376866.78
2592300450,305497.75
2792000010,426835.75
173000025,432402.62
7203150330,646323.0
3305100210,817762.8
2581300055,893819.4
6613000750,1455371.6
7015200685,656576.75
1323089184,474252.06
3793500510,400772.1
2225079030,302679.72
3578400710,415932.66
8100000090,263070.0
2095500040,313708.94
8682281710,732151.06
6163901380,293776.25
6918720080,620620.75
6914700130,502607.06
1205000215,505539.94
3800008,287375.1
6150200180,292877.12
1223089066,879678.5
7768800290,770520.25
9285800330,812562.6
1974300020,512463.44
7628700050,851768.2
9376301800,689178.0
8651430220,191377.05
629810350,832928.4
5016002180,858348.5
9558010230,359629.0
8732000390,225805.58
7899800586,318098.38
5249802460,452817.3
1446300020,538090.25
7785380150,461651.88
1245500950,675521.5
3362400640,638470.4
7578200310,693952.4
4137020910,278821.22
11520640,763000.06
7972601995,258306.56
8122100160,388803.06
9456200450,284595.9
1328320760,326377.06
4025300285,335360.34
2721600125,1005524.5
1123049027,215613.34
3542300060,221612.34
291310340,537642.9
8651720420,439484.97
3298200790,375280.06
4037200585,451092.66
1329000090,1397407.5
9279700013,1142848.0
4151800265,526509.25
7760400210,238311.48
5029450110,226911.06
9492500160,810350.3
3578400270,431477.16
7606200090,296754.0
3682000050,337857.78
1250200415,348571.5
629811600,707656.4
1839500115,320921.1
1176001293,1489044.5
3013300409,373463.6
7853280370,741406.7
3275780030,603993.0
3336001946,238285.9
5456000110,749115.0
2473250400,302320.88
5393601635,535769.6
8820902905,362894.5
1245001659,836095.9
1523069215,431212.47
930000234,463988.56
4083301645,738109.6
4055700778,624347.0
2781230080,446412.2
3629910210,673540.0
7856700060,644233.0
7589700055,473118.47
3888100043,363100.66
6381501636,372209.38
3303951150,384118.9
8638500170,326802.47
5635100050,383816.16
8820901792,915466.4
5456000025,1331998.5
985001275,142725.75
9560500105,717719.4
1421069117,237113.36
4154300296,348611.2
795000620,130044.07
9828702335,497310.75
1250202145,991225.9
1163400070,244534.19
5652600065,616474.7
1042700050,787355.06
8899210320,369502.06
1651800030,1669313.5
2919201365,823067.6
4365200895,312797.06
6841700100,823902.44
7376300060,428663.16
7852090180,554854.4
9222400565,563178.56
9542400075,862095.1
7338000150,179384.36
4322500110,591357.9
7694200070,418963.34
9321010130,249679.69
3204300455,1257942.2
6706000040,306885.62
1565930130,426013.5
3279000420,229053.72
194000575,519946.12
2115510160,239236.88
7522500005,586494.4
3787000140,473963.03
7852110690,618196.9
5469700260,380896.97
8691410730,685734.56
114100763,286992.38
1257202430,905250.3
7000100635,501296.88
1900000195,184114.69
251500330,1992639.2
7701960210,795971.75
4037000065,419087.47
522059299,254384.75
6072300800,638450.7
6821102358,562117.1
5029450200,202272.42
8860310240,574535.94
826000295,368862.7
9417400110,416483.75
3959400345,703103.2
8899000430,324174.8
7527200030,727394.44
8562720410,1291935.0
1432400335,225167.69
6699940320,378008.1
2525059172,697818.9
7548301044,374256.62
2141300420,823020.9
5100401414,398906.56
7346600092,247310.17
6852700478,523891.8
87000213,269144.5
5416500260,310643.44
322059097,277629.03
7229900005,335785.53
7116000350,147125.44
3739500096,369661.62
6744700900,696800.56
1959700550,1035945.8
5589300435,338914.34
1775920350,370282.47
3750607974,296759.56
5318100935,816198.4
1442700430,554743.1
9346700030,696312.4
1841500050,368324.88
7278100665,360374.44
8635750980,633830.9
6909700340,675281.5
7011201475,724437.06
9348500220,548679.0
3876313170,413854.22
2195700050,914064.1
3760100200,449898.12
3396800120,508589.9
3750603685,257941.47
9828702310,560953.56
8656300380,361129.9
1438000170,541595.6
2423069164,465748.38
2112700845,294691.7
7635801370,513801.12
8572900135,402374.06
7504010590,771773.94
6821100125,448030.72
4310702775,285998.7
2591010180,424808.7
9828700235,659553.7
9376301180,523375.88
1646502355,1065931.6
1498301672,505320.44
7715600070,367597.44
7283900045,480840.34
522069119,474681.2
5200100125,605772.5
826069184,476642.06
3271300155,801856.5
4444800045,693827.44
8682291050,762746.2
2770605420,493465.88
1556200205,501989.06
269000970,1290290.0
9264900880,263065.28
2323059074,230483.88
1224059053,1023999.94
3755500065,429598.94
2571900430,373411.0
3705000070,289721.38
824069173,628450.7
1735800050,146544.94
3025059089,851692.4
6132600655,827925.94
1068000255,1676664.8
3052700921,657264.75
3024089057,343130.56
7390400026,287774.62
1787600224,422359.66
2923049372,329088.38
7015201015,1109789.2
7701990040,876758.75
1925059194,1232705.5
301401370,318447.06
1931300955,407547.56
2395710070,360582.7
2591820070,398172.4
7883604065,270698.5
808300200,474827.78
1421069159,509448.28
8562780540,328464.62
2787720300,382065.9
2349300069,314499.12
739000035,157256.97
2397101460,619377.44
7625702437,394282.8
5101406441,459901.88
3323500010,1275491.6
225039082,783515.3
8078100260,348083.56
4139480200,1326225.1
7436300160,534844.7
822039004,698887.4
8651442910,237398.78
1370803510,697531.8
3342100569,714187.8
1310430400,521184.9
104540820,244773.1
4305500030,583557.3
993000090,729573.1
8044050040,432608.5
5707500050,762002.8
6306800080,358112.8
9206700190,761618.8
8732040090,313811.47
3037200045,446327.8
438000025,614610.5
239000115,297752.4
8929000230,495199.5
7135520610,1132621.9
5561300340,517965.62
9530100085,700124.6
6613000140,1475051.4
8835210130,343889.6
3782400190,351335.62
379000051,274735.03
3869900150,341215.44
4322200050,458566.62
8961980290,732120.0
2558670110,447908.0
1124000010,431898.66
3869900138,471626.7
7853300720,492706.8
251300110,284137.8
3904100041,256961.6
7701990300,829459.8
8682231190,561117.5
7888200240,216248.6
2025700730,311461.75
3066410800,704185.6
7576200040,731090.3
2526069095,1057713.0
2781270530,202726.28
3763300005,453485.66
1523049083,193931.62
923049468,197104.6
3303700221,668899.2
1502400140,227369.6
2880100160,1017786.0
4083304535,856463.44
8820902549,556337.7
4139400060,836132.1
1222069094,348424.3
9367200205,684534.2
2734100736,309346.25
3856904580,723443.4
3812400789,317825.03
3303980090,1052792.5
1314300018,292294.75
9522400350,557221.1
7524350080,341214.03
9406520260,331752.34
3278602040,378725.75
7696620100,229640.1
3751600635,237061.19
6365900065,403259.72
8732800100,265586.4
3876540410,248160.3
7349660050,241980.25
1036700220,663930.3
5417600200,310421.72
8732020310,270487.9
6844703240,941162.4
923059206,362560.3
4038700220,563456.6
2597520900,723927.3
7203230040,933538.9
8820903560,311014.34
424069112,725708.75
6056100102,561263.3
1823069155,487134.22
9412400220,3047289.0
6851700381,1010342.1
13001215,275647.34
3630180340,798327.7
6746701090,565276.8
3832050760,281416.06
369000690,500499.56
6071900130,565262.2
7266200085,618185.1
1473120390,438781.12
9523100458,551702.06
4345000510,258192.33
6600220090,466173.9
8079040320,408779.06
1357900060,456755.3
3996900295,321594.2
1442700250,546378.56
5021900175,664801.3
4365700130,330710.75
3876100320,529168.25
2124069103,413430.9
6700400140,258994.16
7852090810,538890.94
1454600038,953742.6
4137000250,302099.84
9826700726,522262.16
6716700325,439654.3
8562750300,589741.9
9315600050,1896396.6
2790410250,670013.44
7732410130,724296.25
1387301730,343982.3
1568100220,345822.12
3975400085,926534.4
339600110,460095.84
7888400500,225238.45
1842390130,696871.0
7595700025,360511.06
2158900140,807820.6
6151800070,362830.62
9294300515,735892.1
1250202660,781560.9
9106000005,970606.9
5035300085,703719.56
8898700440,281722.56
723049197,195776.11
2019200220,229971.47
2926049408,698345.06
4233600190,887259.1
9268851860,439427.38
5458800620,642312.9
424069096,479261.9
8150100265,236176.16
2742100085,390527.88
8045600130,402513.1
8039900086,328285.78
4131500190,303522.75
1370802650,698083.25
821049149,253131.31
5104520460,360723.22
5466750140,250660.5
1703900155,308152.7
8658303065,324273.7
3298720030,418621.84
1839900080,331735.94
1561600025,788679.0
6064800410,317707.47
621069102,203708.06
7853360620,420109.94
9385200045,642678.5
7214770020,640664.1
5412300100,234003.89
2025701360,271750.8
7334602070,307726.5
8029200190,218708.16
2622049052,546463.9
3126049261,346815.12
4443800705,438375.5
2473420100,320785.56
7922710520,551164.4
3336001911,267599.38
3797000300,462766.0
5406500480,648412.3
6706600090,441391.22
1518000230,330618.47
1250202990,868734.3
6441800060,807734.6
2141500070,469739.75
9407101900,278596.84
5451300117,2132230.5
326069132,439539.5
7153400100,248714.45
3083000910,444356.28
3021059304,293571.62
2597530650,768366.3
3972900215,322796.5
2473420070,305900.12
6115400008,510691.7
8682220230,843472.7
642150080,513221.7
3775300030,337293.88
5418200340,679353.9
2424059119,1056439.8
7899800476,254930.22
8598200070,262415.28
2421059125,544482.94
9528102771,594153.5
7522500020,630813.5
7202340720,590268.1
3286800260,564579.44
1121059105,442106.2
7504030220,688736.4
4045100190,1805520.5
9406530090,371611.47
7138000260,265406.84
2600010390,707899.0
2917200365,441869.84
2191600780,200377.31
7784000180,509117.22
6149700194,334263.56
8082400136,750461.56
7202340930,635591.2
1972200556,580756.4
2767604170,491375.7
3271301175,601606.56
3223059303,541845.44
7598100735,1078407.4
3348401490,326384.4
1545803390,277847.2
2296700050,501715.8
3626500045,786289.25
1596600060,247715.8
3616600250,1309457.8
8078560140,282938.1
1796360350,240680.27
2770601763,530257.8
3223069118,695798.6
2473372040,392749.84
3575302759,407265.16
5706200170,495712.8
1774000030,444633.94
2224700136,328743.44
1250200418,351380.72
5416500840,384100.0
7335400345,140344.08
3776300010,955999.1
8857320130,526749.6
424069206,786227.0
3592500985,955819.56
9828701295,375679.5
2621750340,292544.44
7334401000,250013.56
3286800110,605508.94
1722069097,468521.9
3574770030,480903.6
1336300610,1116715.5
7230900100,364380.0
6141100320,350684.0
2767602356,723986.6
476000017,474028.1
2558600100,454407.0
3500100015,265927.47
4074300150,414641.78
8907500070,4059823.5
4388000260,201219.33
2475900850,221301.9
7852010900,542145.0
318500300,697656.1
9200000050,168440.58
1026069106,445613.6
205000120,614214.1
2616800600,901434.6
921049141,602292.7
2023069059,723572.06
7229900145,463812.2
4376800010,560215.06
4389201095,2562568.2
826069127,466916.88
2310000250,275471.78
4058801225,341369.1
6600220550,469087.53
3585300194,1478652.5
2594200375,441263.75
1102000514,884463.06
1862400471,416634.62
6928000440,298738.47
9578060470,502952.47
8732020670,259551.66
1823069088,306595.22
8712100350,1173011.2
3420069055,324001.2
4229900140,267345.97
8682280490,430680.25
3830630310,253822.94
5100400251,364757.75
1737100830,650198.9
1630700276,488955.53
6326000205,442658.75
3426049284,2881596.8
3814900260,380026.66
7403200050,1727290.2
1725059252,819000.3
8899200570,315353.6
4137000700,274673.47
1115300270,656963.9
3904920380,591687.56
2695600195,360602.28
9542100135,798377.7
1552510160,399181.56
1823059241,674203.2
2193320450,595727.6
1122069006,542727.3
7853340330,384366.22
1954420380,492794.2
7299600530,265163.66
1760650670,263716.06
6819100080,641860.75
2767704649,496297.8
2424059035,841371.7
1566100400,375961.12
5255690060,486642.38
8860500130,410100.78
7349650120,300393.3
3291800670,428503.7
3764650010,505005.5
5416500950,426537.6
7973202712,187403.48
3291800120,239173.25
9211500620,217205.34
8643200020,389840.47
9197100101,183505.38
3531900060,328825.66
8842400071,405769.7
6844701680,477803.7
6413600285,441138.7
5196410260,970787.0
824069121,718929.1
3876313120,407582.94
269000030,1057949.0
1560930070,777049.5
4435000705,205544.05
9542400025,770170.06
2470200020,1712840.8
7519000580,514778.3
1226059101,513399.25
4449800063,436959.62
2815600305,677882.6
3821200050,224221.11
2644900110,374150.78
8058500005,383933.44
1099760230,223434.06
1954430180,511536.38
7853360480,494876.8
7229100040,341832.75
1432400120,203453.23
1898200080,354272.78
4054520100,867824.6
2568200140,779836.75
587550010,597252.1
4154303215,891378.0
6358900070,987333.1
3277801640,378626.97
6209000165,317895.78
6143000020,287575.88
2591780180,436036.66
5412400170,240758.27
5466350120,247076.88
2877104196,599524.0
3222059007,329529.78
7957600025,258712.03
2698200210,259741.89
3764500230,533627.25
414100630,365911.62
8029740060,334133.72
1426049054,384323.3
546001060,685860.06
3277801417,447413.38
3630120970,777268.2
2326059080,941196.25
3278612370,368026.34
4024700100,296139.53
7697870860,236770.4
8562900240,611253.56
4059400585,221557.55
5703000050,492519.2
7701990560,811743.9
1760650610,313185.38
5408100035,450636.03
1370800560,1214816.4
2880100240,516406.06
3630060150,542762.25
6071700020,514272.4
2473002500,426182.0
2768300650,522726.9
3523089019,809702.1
2787250190,529137.1
9477940440,429901.38
8732030440,302250.3
236500050,304120.88
993000100,722850.9
5466700360,251301.31
7203220300,843880.9
8682292180,422336.5
5209200010,498279.38
7853360990,411433.8
8663310010,429022.62
2313900165,497270.7
6114600030,543284.75
3303990030,763280.0
6679000960,358881.38
8161000230,531238.8
9510860060,701766.5
1223089083,694472.8
2721049059,283471.38
2523039278,290298.16
9826700707,491810.56
2159900120,482037.1
2767600635,582476.9
3812400455,385829.38
7852030960,422023.78
319500080,711626.25
1061500360,318114.44
1787600209,407320.2
7888700030,525333.44
3623500260,1037729.4
4219400520,1383076.4
518500460,2097953.5
2500600297,260138.53
7283900010,307115.9
9225900055,321854.3
4036800925,416934.3
7967900150,372635.0
1782000130,437591.88
3163600015,125265.695
254000075,371522.2
1424059022,1091918.9
2768200090,755536.6
4319200505,511416.72
1592000780,668872.2
1687910100,569657.8
5200100115,585434.6
3751600176,207973.33
5608010650,898319.2
2051200506,297959.0
2781280310,292432.7
1023059190,276372.2
2787310130,271817.56
4358700100,422280.3
3121069036,550078.75
1959700225,663388.7
3205500230,381282.5
7974200937,515378.56
6819100111,974707.6
6146600175,162594.33
1525069095,786850.06
1231000510,447800.9
4122700040,1087052.9
2426039314,289120.97
2013200390,262355.0
1854900330,707585.0
1923300135,574659.75
582000135,563140.56
587800130,280384.84
7840800135,212189.56
6116500366,357478.88
6392002635,624415.0
5361700020,343482.5
106000395,419646.0
7199330390,383119.06
2484700155,660401.9
4038300070,457147.12
9407101850,309780.34
293610040,635700.0
7202360760,802472.56
5608010750,1113316.9
7236500025,331070.34
9144300120,349539.97
1454100267,417471.62
1377800135,625450.6
7967700570,242501.78
1562100220,589612.6
2923039243,415911.9
868002080,811516.2
7137960460,279443.44
1023089096,323291.5
3262300818,1903203.6
8563050110,585975.25
7137300245,385519.7
4365200630,422544.88
4100500070,1774879.1
3821400200,253596.5
5379803386,254774.78
4237901075,629032.75
8118600155,359040.8
8946780080,819169.6
1428000970,407591.0
7011201004,736234.7
2799800180,356797.4
522059130,254910.34
4315701163,601321.6
3649100387,413632.4
2125410210,459543.06
3224900130,227167.7
6798100661,310203.1
3626039325,839166.9
8730000270,328390.56
6065301040,868571.44
1665400165,225588.53
2203500140,411830.75
4058800875,349666.62
5076700025,447425.2
7853420110,597667.0
7818700480,322032.2
8658303080,315775.06
3187600100,584291.2
4077800518,368329.6
2470100110,4642441.0
3451000206,304526.6
1843200350,168716.81
7904700126,400398.8
9430000070,271441.06
6003500749,665207.44
7701990700,812426.9
1310820150,333380.22
3975400190,626045.75
4100000050,650708.06
7202270700,579926.75
7370600020,613521.4
126059225,508897.1
106000015,436952.62
4458800060,883952.1
8944290090,251601.67
8682250330,653985.7
9834200390,465921.8
3275880100,705777.75
7227501190,242169.56
1796100010,718949.6
3831200210,302734.25
2521039066,274290.53
7701800050,461831.88
3904960910,665657.44
5647900670,265349.72
7234600796,490707.0
3021059244,226085.69
7787400030,1790371.8
2051200436,537875.9
8820901415,346853.03
3523069047,885436.2
9194101388,460494.9
7277100610,381919.8
9471200370,1951808.2
2767800140,668737.6
3629870110,543343.3
9136102057,611128.8
8648900060,523037.97
3678900110,384779.0
2767600150,506458.5
1972201511,617260.5
6055000430,541783.25
6624030050,356952.12
2215450150,340539.03
2767603824,448382.25
3585900460,805951.4
2922069134,432461.8
9267200062,355254.2
7228500425,509275.12
1089000190,840931.94
3359500960,520625.56
5152100160,469473.28
7230300060,365235.72
2423059067,460836.8
8016250060,252507.31
2524059267,1030468.5
1438000440,515841.1
3326069026,627789.0
9353300600,296823.75
8691410060,687282.5
6332940070,524877.5
1310980110,296381.3
7428000120,242425.69
3626079040,651310.3
2722049077,313807.75
984220290,288306.56
5347200160,228420.5
4154303655,518950.62
2953000250,271683.4
9523102447,692905.2
5104511840,426483.8
3448740250,427773.94
4219400290,1171315.1
5152100060,477407.03
3279000460,222554.9
1102001274,1125487.2
1251200155,1288252.9
2025700740,268794.88
3820350050,340059.78
1245000438,759510.94
7853230200,455372.6
3832200070,256505.6
2926049400,463123.1
1246700251,900812.6
6372000155,559980.56
7950300670,350567.6
7518504130,594048.75
9286100200,423967.16
3992700585,473299.38
7234600786,777821.94
5476800069,346627.16
1126059201,1517358.8
9527000090,480229.56
402000115,322830.2
8818400450,951466.6
2475900840,226622.47
1437500015,164972.67
2848700095,383636.88
1529300135,351403.1
2597520090,768294.75
7812801125,212446.42
3343903647,412747.75
1951600250,152170.0
9542840590,264679.0
8081010040,1183180.2
3262301355,1440057.1
1861400068,462760.75
3295900490,469751.3
4345000440,237586.22
4219400465,1126448.0
3797700030,264980.2
3204300860,791033.06
1930301555,544831.44
8807300130,320155.97
4391600035,265667.0
5021900140,1568307.0
2946000590,268237.16
686400210,548918.0
3365900462,246043.2
8682262170,406034.0
7312400325,339511.38
3760100100,393393.4
3579000410,484111.53
1773100755,464112.75
7129300175,331437.72
6303400965,227707.39
1328320440,347227.2
3686900025,231902.78
1221039066,374645.38
7950304095,325760.53
3585900785,980870.5
9455200329,567024.44
629410130,780691.0
1994200375,608485.9
6669200370,936880.2
7262200150,231054.97
7504010750,612369.9
5253300173,322168.78
3395040200,294602.3
322069109,389172.1
4054510270,1023771.2
1710400005,585708.6
8644300170,707055.44
2450000290,1132686.4
6102400166,660322.6
1934800087,416395.5
3333000775,287100.12
5393600509,302574.84
621069039,371934.5
3343903611,618954.0
2954400020,1151302.0
7972000010,158787.11
7214810510,458671.88
5561300540,457278.8
2634500070,403878.25
6822100310,739911.44
9201000100,663278.56
1072100085,324421.8
6190701146,416869.5
3277800845,252681.03
112900020,341546.66
1324059048,699815.9
7979900126,417572.1
7199330370,413282.53
6381500720,437697.03
8078550190,287023.5
7853440140,784667.25
6300000396,370617.75
3374500250,367717.88
3343901188,269302.53
6979900010,752565.56
7199340320,564677.25
1112000125,336217.4
9269200150,334615.56
5104510210,291739.62
925059219,600269.9
100600320,202919.42
1789900080,267646.25
2123049142,294826.88
2459900040,557253.6
3902300450,557226.3
7250000065,311468.8
7823700005,299336.4
3750605247,217720.22
2771601730,501539.8
3298600440,396264.53
9141100005,526093.9
8682262190,413338.25
9407111250,236259.9
1336800010,1586744.1
2255500060,580424.4
7950302345,322643.2
8658303585,240922.97
9184700600,1141523.8
8068000440,280538.7
1310000130,288467.88
7853221330,691353.94
1222029077,275006.0
8562891100,353625.6
2517000260,360568.6
2225300149,354362.9
8651410330,197762.92
2413910050,516501.9
9407100720,292243.06
2112700920,357428.03
3761700251,694579.8
1036400100,649055.06
3585300365,657837.1
8562750060,844902.3
2719100042,515195.8
952007055,402197.94
925049318,578014.44
7203220260,975646.0
9320990140,300664.0
8567450140,525374.44
5379800810,167459.72
7784000100,604580.4
3992700475,442176.12
7905380280,406863.47
943100683,381526.84
8029770470,563554.5
2818600060,989124.75
1226039124,415106.75
726049184,301905.5
795001930,236225.22
339350150,736572.9
1332700270,291403.94
7548300170,582599.1
6141100330,427423.1
647100096,841216.75
6744700423,475159.75
2895800750,284337.5
4046600220,344589.03
8809200070,365914.72
293700110,815993.8
4178500440,252719.53
4358700164,256914.72
9197100263,254081.14
2426039313,289120.97
9468200163,620776.06
475000190,494066.78
7504180170,450113.47
4036800170,490401.53
2561330040,467608.7
4123400340,511059.38
524069115,836007.2
4047200850,333299.06
8651440230,238648.08
3905030140,560192.5
510000641,703173.0
8663370020,426617.0
2883200760,739553.7
1980200384,760556.9
9468200140,469267.75
1796370150,255272.98
9238900085,600320.75
9191201325,597190.1
2538400060,975204.1
3758900037,1051500.2
2472920800,397922.88
321030150,322213.94
2571910100,314367.2
1423910670,279165.94
1118500030,819408.25
1939000010,664970.6
1776460190,468325.06
7504400290,653018.2
3448700070,415051.5
7518501025,555253.4
923059252,487747.53
1431700210,251057.06
8635760480,564036.44
9175600025,1684273.1
7922720250,511142.7
8944360390,492240.8
8948500065,225116.47
8669160310,267421.47
6117502745,505149.75
1789800020,352207.9
226039186,303523.16
6457000080,266257.66
9557300080,546076.0
8562790480,666405.5
6430500008,483779.44
1604590230,766855.44
9542850290,760953.75
7831800395,279103.38
3317500030,1250951.0
624101110,780727.94
3654200039,365843.38
7856000150,768326.4
4338800685,274961.88
3211230300,429695.2
3904910650,560928.4
3598600088,270615.25
3796000400,344262.62
7972601280,412507.03
1450300050,268084.7
7504050090,748375.44
9202650130,543869.6
2419600075,387187.0
1224049005,851147.3
7129303240,327256.62
1922059135,213209.56
7852020250,643894.56
4139910180,1636828.0
4222300040,277067.84
1024069027,872959.56
8944600620,496639.0
5040800060,794732.1
1036400200,619153.6
7899800915,264450.2
3325069025,510382.25
9408300310,620707.44
1773100604,354663.06
5451100490,883328.75
9536602080,190884.25
9828702055,478961.06
3362401758,497623.8
476000333,452540.56
4364700730,335260.38
5559200020,216009.73
7522600110,258074.03
104510440,241907.97
8820901275,579930.7
3298700125,252320.88
323089172,418918.5
5364200477,614070.2
2222900082,365307.88
6641800020,611278.75
9358001422,290685.38
3438501150,305370.97
2206500430,502905.9
9272201318,553547.4
585000095,656766.25
7708210050,512538.2
9407000840,289899.9
4027701265,489433.12
8644210050,779274.6
8656800020,334252.16
3329520170,215190.53
5104520720,320816.34
3806000005,145536.02
2330000015,737373.6
1447600410,304464.6
8641500252,387382.2
6084600420,278772.78
441000115,455520.2
2597490030,672433.9
650000030,709444.94
3585210200,405123.62
5416501030,417038.72
5406500170,667991.1
2916200065,421883.7
3330501975,492767.7
1774220070,580729.25
8731730710,208177.17
7861500150,403013.56
1402630190,388103.62
9117000230,304410.03
7133300380,672168.25
4232400470,727300.3
1773100972,322410.3
9413400165,263226.94
7658600025,476329.5
6909700040,981850.1
1402900380,287533.75
6625910100,470138.44
3204900010,576937.4
5162100820,297760.56
5560000480,164728.22
1704900303,574689.7
8084900170,2051666.9
2887700091,709560.7
4331400190,286666.16
3762900130,383934.66
52000067,580965.5
5430300120,823967.4
8956000460,635275.8
8856950310,257157.67
3364900156,347539.97
9310300211,287033.5
6448000020,1387815.4
123039570,404208.88
7600065,500845.16
3123039171,473955.97
8964800445,1747072.2
7857000732,357749.66
7525410090,598721.44
9541600350,826527.9
3186600515,787394.1
4123820450,331026.16
2505500030,1204423.1
1541700240,320896.72
6629300120,322460.7
7399800150,494211.72
9517200180,344546.56
1313300340,511904.75
7967650010,368283.44
8807810090,378635.94
8815400670,781849.8
2310030500,285423.75
2241700075,314218.12
2287400030,297618.06
2827100075,256169.56
1310700390,327445.94
5498100010,417129.97
723000114,1668822.9
6431000987,460781.72
3356407665,237862.88
7852110050,557453.25
8677900123,467708.75
1917300260,210845.9
3396800280,578740.94
8691420050,810215.4
9368700006,292816.56
339600290,415778.44
1592000250,610645.25
1471701780,329544.22
8928100205,640629.4
5029450100,217610.5
5493110080,2804946.8
7883603750,300219.12
1732800175,883154.0
1518000290,333106.3
8604900017,549269.25
5379805160,295812.62
1254200835,577845.75
3179100482,471172.06
3313600266,184854.08
976000879,673076.6
8819900220,658571.06
2130701535,298466.88
1176001124,523741.25
7893805650,332820.8
3885806840,957883.5
3625600190,1204235.8
8562790150,801601.75
7348200115,211889.5
955000453,472466.97
6817810310,385592.75
4040400340,468590.1
1644500050,660299.6
8029500100,319744.6
5244801230,750908.6
1115100119,371302.4
9542400010,750077.2
423059387,624528.94
4023500990,371743.75
7899800857,263966.25
2976800796,214002.23
1074100020,295325.2
446000010,581754.4
7942601200,446289.38
3575305495,811483.6
8691310040,752468.75
6117500430,702059.6
3924500130,621128.75
2028701075,501694.97
4330600360,239262.06
1324079082,449135.56
9268200484,697774.56
9828701605,586296.0
7518506715,991665.5
5315100277,1411193.5
3942900115,345072.94
1561930020,471197.3
9510970090,623097.7
6163900821,349782.62
9510300220,577414.2
3869900146,318617.7
9262800208,695195.2
2522029039,548976.56
6865200095,667376.5
3782760040,501448.12
4237901250,606504.4
2891000610,238480.66
2749600095,511931.22
5422810010,363167.84
3629980350,760187.94
2459500070,287823.2
5113400364,676309.44
7533800885,730552.9
629410190,765363.9
8651431100,171111.77
7960100050,504147.97
1842200040,432822.3
425200205,250797.89
9477201470,367580.72
7905200365,484949.2
6381500635,295906.12
6052400175,373929.03
1236300268,490949.62
6072800265,1519227.4
3423049311,211487.53
3755100540,389772.44
7852150120,364893.4
4180300050,373202.1
7625701935,337542.75
7132300550,392693.25
3025059093,3612259.2
8161000220,425980.56
7852011020,564856.44
2599200160,350582.53
5536500020,537265.56
2095600150,274144.5
8910500226,351188.3
1681400010,741651.4
1424069110,697772.0
5127001620,318975.88
7940710070,418682.97
2413300980,300625.25
7853400250,604839.5
9542801310,280825.12
1890000169,528293.56
2720000120,299854.6
9424400105,496625.38
7888780090,266971.16
3501100280,387470.3
3905100220,495638.38
723000150,930965.0
8691310980,705607.44
2297400250,448845.88
2892600056,241712.95
5273200080,542465.9
5145100460,450058.62
5561401260,585478.9
7732650040,944167.1
7504101280,958545.1
8581400345,269797.53
7129302800,415019.25
9551201560,613351.7
1546600020,619778.9
2648000071,221236.22
3339900640,239785.66
7853301240,447711.25
943100262,271125.8
7202430150,856675.44
3558000120,332075.84
3890600150,465874.06
7452500315,271606.44
7173700591,660823.75
438000015,660375.1
928000020,380332.44
3830700010,418902.0
3845100640,380359.0
6675500112,356416.16
1773100920,343361.3
9485940330,407535.62
5561000600,452035.56
1786830090,645991.9
2011000020,241162.28
8024200681,409405.4
5452301810,1871580.5
5515600075,286558.47
357000135,1208321.5
2541100010,577907.56
1090000036,552816.94
3459100300,424722.7
2450000295,935580.0
162500015,413040.44
2592210290,812932.5
5101405265,540229.56
1122069019,708070.56
7501000220,914094.7
1310900140,340074.75
3298700941,246811.62
1972200382,415351.06
5100402764,436266.5
2623069069,666567.56
6372000280,531428.75
4305600240,483473.94
2767602094,533456.4
2500600289,149843.55
7203160090,804623.3
3521069146,579704.56
824059321,1576119.2
9348700610,843655.75
7228501745,512340.44
6021503656,435380.34
5437400630,557390.4
2207100740,453891.75
7202000220,427255.5
629811340,721973.94
1324079029,247305.94
418000010,189053.03
6303400290,198103.84
4139910030,1187264.2
3023039066,369652.78
8698600395,209451.84
2799800710,338166.97
7351200050,989998.5
8564860270,479922.47
2591830020,412346.44
4139420430,1470054.8
9828201725,508574.62
2420069604,256119.62
7224000315,200687.08
3861470120,2232641.0
3222069151,301028.8
3869900155,363242.03
123039346,293425.97
305010050,667485.6
2141340040,717252.7
7504021310,670186.25
2436700315,564226.3
8732750100,368105.12
3298201290,364092.3
9241900150,1153867.8
1180005220,229307.66
5540000050,301001.06
9211520400,230963.31
2623029078,477583.12
7132300695,360001.5
6430500219,433943.2
6084200100,379978.4
7140200280,261376.94
3904910610,613506.6
7625701900,433616.97
9432900560,328432.12
1388600110,228429.25
9126101201,341056.4
4224100030,382124.38
1109000390,538771.9
3336000296,285756.97
7504100590,739494.25
2025701060,265776.38
7527410080,603981.4
7304301045,282136.56
2591840050,449889.16
2767602490,451149.8
5494000040,1027203.25
2473251090,275585.7
3825500080,490577.16
2309710150,331382.3
8901001335,658661.9
1781500435,446171.9
8835220200,320965.88
4037500335,541047.75
1338300180,1927123.0
7968000120,267047.38
686050100,907669.1
1180008315,238634.92
1657300280,411505.47
7856600170,672431.7
4154303125,645453.3
3295730050,583697.56
1777500090,638831.5
203600470,653493.44
6673050020,331206.62
8731980680,270110.56
2273600260,526178.75
1000102,289342.06
4197400005,509765.2
3378100100,272728.47
7856620210,790955.8
9275700765,1068705.1
1246700136,414281.5
4239400740,164467.94
3306300630,189241.78
2524049056,1263165.5
2023049245,255806.75
3210400340,273844.06
2621760350,309678.7
526059183,418873.88
8078460050,638260.25
7504110050,654793.2
3876312840,405566.12
9268850350,323477.75
8085400490,1164148.2
2722059185,446671.03
3644100101,348976.7
1321700030,565570.56
5608000630,1425847.0
825059349,1481077.6
6083000071,219326.31
9164100105,547313.25
1425059145,473572.0
5210200184,518728.06
9477201370,453329.8
2927600630,992013.9
2619920170,834770.25
1560930450,559596.3
2896000510,551077.9
3034200067,602309.3
4025300360,372533.94
3362401295,527053.3
2391600555,413028.9
7550801170,493754.0
5347200175,247024.08
8910500471,411230.1
7199340560,458119.56
9266700175,393603.5
808300270,450023.75
2487200875,506817.5
8728100781,280693.62
5379804888,254882.75
6619510060,450978.03
5416500680,435305.88
1862400087,453771.66
2126049277,409602.44
4137000070,308762.3
8081500060,2493059.8
686800065,908228.75
5561100180,576234.5
798000342,299333.5
5603700095,556899.1
7151700585,1325444.4
8129700565,695284.1
2782100260,644230.4
7011201106,417464.78
2423069084,553807.4
8141300300,308787.3
6601200040,278641.62
290200230,680188.56
1423900220,252649.17
7303200450,221174.48
3755100220,379024.2
796000235,227687.72
7237501040,1204271.5
7203220400,862416.0
9285800275,771570.8
2061100435,505629.2
6414100025,568048.25
5317100750,2556370.5
6145601000,432620.84
5634500775,487401.22
7375300160,577100.44
9558050360,525192.4
4151800420,560876.6
3751600146,190227.53
5302400080,554594.0
357000005,630114.7
7283900306,448356.5
3738900105,324882.2
6822100305,634528.4
7436000205,597301.25
3295730040,583595.4
1526300015,406553.34
3294700101,272531.97
8864000970,228283.61
5469502700,396942.28
8078520310,242427.47
6154900130,318585.56
8945200830,202138.25
1085623630,390152.0
4013800131,231346.03
2287000010,639881.8
546000930,659620.2
4051100390,226553.06
7203100120,651115.9
7523850150,297422.62
3826000665,279037.66
1311800560,218181.84
2877102180,523462.2
3221059044,841999.44
9169600110,594116.75
9510920040,758601.75
8813400155,876757.5
3896100130,951675.25
2568200740,763139.5
1217000340,315198.12
6430500086,458406.38
5634500234,494854.3
825049073,489248.1
2391601445,1141160.6
7881500330,426254.84
1721801591,111390.625
2473390710,302905.2
5634500891,327121.12
5515600163,481227.94
2560805630,262624.3
8078350280,613092.44
9477201060,389065.8
8827901350,732133.25
3560800040,433574.16
3034200370,528461.9
1328300040,327394.66
2483200010,646355.3
6071800480,417932.3
6200017,217405.97
8149600065,835411.6
3362400615,494040.44
7518502945,553569.9
8001210120,271178.75
8682280340,449712.4
3623500408,2592618.0
3764650070,469742.2
7937600380,360376.53
923000580,629775.25
217500005,415171.2
5419800510,252452.62
8562901250,547286.1
2212200100,298257.44
2310100240,359449.3
8582010240,668650.44
8651410670,175461.56
3330501645,277405.3
8113101232,391600.16
7849202190,313052.06
1864700300,309975.94
5231000060,281569.25
1565900070,235516.6
7555220140,772321.4
7518505160,442722.47
3322049005,564427.5
808300550,420081.03
66000265,355619.38
2880100675,385873.47
1524079156,402349.9
3625700010,1580269.0
3259400024,339837.12
3205000310,385943.62
807800190,281613.0
2783600210,467559.8
9290870040,800058.5
2561360120,429889.7
8857100180,427653.75
4388000070,231409.78
3860900003,934738.4
1176001119,528977.56
6084600330,243404.69
7985000100,218978.16
8026200080,356904.16
3210600010,728229.3
7558300170,533832.6
7852180340,430467.94
524069011,603386.25
3361401011,139669.19
6117502455,265720.44
5602000025,226422.55
4142450490,302496.88
5306100255,390657.38
1795900120,564318.3
1193000280,887526.25
9238480120,532749.4
3630200780,927594.7
1250201130,446578.47
7796000095,1183243.8
8635760040,504181.0
9476700135,282374.8
5249804510,510483.0
40000553,210621.45
3204300625,770282.75
2596400050,390573.47
2724069103,392714.8
3744000040,434663.8
7525100590,451773.06
3705900292,410122.7
6169900790,1788228.8
8127700735,1092290.1
3761700067,1114188.8
6065300570,964702.25
4022902050,472510.0
3886902590,591056.2
4107100190,2049402.5
2909300150,684137.9
384000135,419036.06
1005000036,349957.62
8856970530,323970.2
3448900320,553332.9
6713700100,373230.3
2260300060,2590679.0
7273100026,649422.25
1277000020,888809.9
2620069113,352049.0
4166800080,342359.84
8731902680,255260.72
2599200830,226181.44
7569500010,701802.7
1825069031,595755.94
4443801495,594079.1
7805450110,751075.5
3345700207,504497.4
1560920450,1034244.5
3629950010,455772.72
3782100035,288799.28
5561400340,756203.3
1898310110,250747.8
2122039094,689244.5
631000040,588578.6
293000145,426001.44
8121100015,417186.62
3205200430,392189.38
2475900565,283238.8
1651500040,2046843.5
3955900500,388994.3
7907600100,285521.25
3123039136,297189.3
3972900735,290345.56
1424059130,469150.12
6792200282,250906.6
910000104,260197.06
3751600784,305052.1
946000295,417514.28
7749500070,324995.25
255550070,352283.7
5151600340,292019.25
5415300060,481033.5
287000110,581667.1
7585000110,194926.88
8121200460,501922.53
6891100090,827566.44
7575600100,287092.75
4240400140,613405.75
4046500510,327905.53
2944010240,1040723.4
3449820380,540923.0
7203102140,313958.44
8665900291,543904.0
1775930010,414350.53
1118001631,1385511.5
8911000445,350189.16
117000100,644542.0
9284800085,398174.9
2795000080,512191.72
123039207,364871.06
1312200080,225485.3
1236300290,1317959.5
7549800168,425222.16
6891100260,855806.5
6072000910,537587.44
3226049184,368196.9
1442880320,514332.1
23500190,591227.6
6021502070,523558.94
4168000110,198748.19
792000006,175756.84
9558200210,231436.75
3840700757,632948.3
3876311650,589677.25
1328320800,348421.9
5006000170,256989.92
7575600430,262426.25
7686202580,191509.66
2524069097,1933049.2
4292300024,340140.84
2726049071,401202.3
3526039019,829099.6
3300701365,480844.2
1274500170,198250.44
7282300095,278157.75
8562740440,743493.7
3761100045,2564400.5
2877104265,888262.0
7940710100,538753.75
6071000030,841631.25
6448000100,1650077.0
2923500230,3012605.5
6751300375,453991.16
7214810350,479322.4
1088800470,570358.56
7129300420,256754.56
6149700405,313461.56
9521100855,484713.8
1861400116,756744.1
2787460720,217240.78
6073240060,680781.0
291310100,441315.94
1247100035,1083028.5
2626069030,2068668.5
1326059085,577191.9
6447300265,3379055.2
8651401270,177208.9
3524039209,806727.25
3226069049,1048696.2
7548300425,427194.34
1438000360,498380.0
1777600900,726106.9
5244800695,509411.8
3387900390,270879.94
1954700615,1055736.1
1026049036,308080.2
1683500180,241226.92
1939130420,652410.44
2021200530,1062517.0
993002325,471826.3
2780900220,294903.72
2540800390,474231.44
2919700540,642459.25
2787250090,519972.4
8651442520,276165.44
100600860,182905.47
1437580480,997895.44
3886902505,646859.1
173000140,428500.47
5151800045,531612.6
3010300240,531465.9
2085200261,329950.2
1839500065,290706.0
1049010300,379012.47
1328340540,312824.1
8887001625,473291.94
5332200320,659227.8
7137960030,283565.78
5468780250,340691.12
2436200715,599131.1
5137800030,324773.5
1068000520,1242982.4
5379805121,380437.12
7445000105,454576.2
7942601895,679763.8
1727850350,1071117.4
9407150310,332102.06
5569620550,738109.3
3179100480,502986.5
3624039111,209826.27
7844200050,311745.12
3304040020,369004.8
7739100155,596579.4
6099400053,182667.12
7468900270,190283.38
396100025,353251.56
1160000255,367613.3
6300000320,394883.8
6392000570,363520.66
7387500235,351724.84
1121000058,546275.0
9828702120,585392.75
7715800310,442904.2
8562740370,744457.7
5637500070,420861.38
5561400470,634526.9
1189000205,450985.06
2412100025,357123.62
1073100065,311975.84
5160300020,527354.7
2770601677,520120.0
5104450070,429887.5
820079043,387039.12
751000190,364355.56
1823049179,352003.56
7430200060,1223983.1
3331000035,534162.56
1775910370,554602.56
3626039299,527403.25
1546600125,662192.44
3260810150,313143.6
6817800330,273140.97
414100045,405171.25
1326039061,401396.3
4055700030,1168448.5
1225069038,2378267.8
2296700260,431939.38
2822049160,229939.31
3395300260,542619.6
5144000036,350851.03
809002290,845595.94
7334501410,327827.88
421049114,185932.02
2623069010,843805.75
1133000144,551680.4
705710290,341458.62
7313200120,580060.0
1269200150,287295.25
9264930970,325521.88
6819100020,2082603.0
5112800421,284716.88
7846700850,275818.6
7227501450,245703.28
5451210150,684409.3
4140900140,440724.6
3537900180,821451.56
7738500475,497452.28
3541600450,410884.3
5379800040,324808.94
6664900330,280113.8
6056100312,324437.5
7766200013,550982.6
8651720470,478926.44
5690500095,918217.8
5423010180,790853.8
3204300610,547186.56
3425059066,554288.4
7856660130,1199567.2
2954400520,1285016.4
2327000110,893126.75
9526600340,680217.44
7695500200,445566.84
7237501180,1177444.2
2008000550,272192.84
1123059126,517729.56
1775500371,791363.0
3459900230,1595113.0
2619950310,441973.25
1771100330,333011.5
1321059097,331215.88
2420069278,265031.03
3832050570,302154.84
7132300525,406797.28
8691410700,708980.44
7967000150,329537.25
1328300810,389101.88
711000110,1192430.4
9485951460,438442.12
1771000970,340799.7
2817100900,258289.66
6817800630,393404.4
3558900450,508120.8
7215400770,396683.16
4222000320,199211.47
2791500270,268528.28
424069018,849445.1
9547205180,657152.2
5631500947,572011.8
1425059193,1179611.4
567000775,422663.84
3904900610,512692.3
3649100346,411905.22
1624049228,499899.72
1559900080,362603.44
2919702040,650518.06
4013800206,198283.6
1025039292,1298777.0
2771604640,734266.06
7203600550,247480.03
1545802830,265518.03
3303910010,705323.94
8617000060,897254.7
7889600190,247001.9
3325069064,552152.7
6300000337,535558.0
1172000150,318777.5
3348401319,329491.62
4188000490,898499.06
7779200355,631423.1
8029900110,438962.8
4060000290,227104.52
9475710040,386292.3
798000535,233533.56
6415100410,412629.44
4299700095,317751.62
6117500955,388587.72
2421039075,215170.78
3362401935,529869.1
1545800205,280250.47
7645900235,674734.6
4141000060,1130258.9
9485800050,699754.56
2436700280,819871.44
7335400400,229721.53
9294300495,816824.6
6649300190,430759.06
7950303270,375091.97
2391601010,403227.94
8129700728,564059.1
7871500685,614010.6
1498304065,553273.94
3862710010,423507.06
9209900335,555041.7
952006857,345878.72
2322069168,641200.25
1775801090,489139.44
5700002165,576277.44
4029400080,400112.66
7796100080,840557.8
9279700150,1762705.6
3876200060,425755.2
2934800025,318130.7
9359100101,969467.1
3330500335,293415.84
4027700466,359411.66
3204800430,413175.56
5415350770,733640.06
1443550020,474663.5
2810600022,340753.8
1238500281,495015.75
2591020140,467566.38
7137900960,228070.64
1328340630,296399.3
3529200190,321536.3
1624049291,758865.44
4083301120,622062.75
1873100060,698122.75
1773101159,259187.48
7214700350,492628.88
3856902250,608540.9
7169500130,514142.2
4038300010,423048.94
9578500810,412339.53
3345100184,335688.5
452001860,490724.94
7905200037,502696.8
9376301110,478817.22
873900240,292703.4
8682262400,409319.72
7227500910,185669.4
2392100090,442676.88
3221079050,401644.75
4307320280,344560.5
3211270170,481570.72
726059483,671831.75
424049043,766308.0
6865200140,609036.0
1155640050,414523.78
4139430250,1337916.8
818500100,198295.81
7999600180,187020.94
4099501215,905795.4
4046700140,367211.28
8857600490,205531.77
8677900120,490711.9
5379805253,199104.48
9211510410,217662.42
2337000150,279773.7
1423049029,293190.7
4036800580,459556.7
3942900010,341178.47
3438502715,394598.78
7625702441,394282.8
3905100610,469493.97
2218000335,446055.44
3034200516,405472.12
8024200625,407360.72
8564500020,325052.56
9550202700,466258.38
7518508625,581323.1
1822350070,375390.12
8921000040,848177.8
6648150090,1765577.4
2402100675,671777.4
42000127,282166.2
5100401160,488861.75
7347600507,259753.69
1839910300,340471.0
1250201550,780157.0
9460000010,299020.12
3356402232,213100.5
6819100150,661978.3
8645501330,265920.12
1556200005,850887.9
40000228,176801.69
7300410010,374414.0
4299000030,375809.8
2629600016,466316.28
662310900,375484.0
1909600046,516749.56
7893207490,209543.11
2524049318,1740075.9
924069210,753471.25
1591600527,313561.16
98000060,1191549.9
6392002020,664245.9
2719100400,477328.56
8018600655,405509.56
2141500020,446580.38
3277801580,484742.84
7237500110,1070480.1
626100023,546009.4
4319200820,374312.34
1422029138,557497.2
9517200610,371465.94
7334600280,291193.6
8820902400,566679.1
8944600060,521873.97
100100050,317813.38
8074200100,267602.88
1836980240,830344.1
6648500440,322541.9
9530100225,609328.0
2883200875,632380.8
4218400175,1046548.5
1022069183,646148.2
6398000171,512810.12
5021900160,679038.8
8078410250,544434.6
7972602490,321740.62
1962200435,748461.75
7221400285,247273.34
273900030,228967.66
2708450020,496329.88
4083306616,450828.8
3034200435,596942.1
7855000550,1346774.8
871000155,645733.2
8024201714,547112.06
2625069038,1189122.2
2324800350,817707.0
5450900010,1496084.8
1822039225,545393.94
2460700700,287047.4
6679001060,313889.12
2422059111,332330.38
1250200345,321929.88
5589300370,318568.3
2021201000,1487570.5
4302200336,261159.64
1328330290,340102.03
3438500781,384715.6
5453700020,679446.75
123039147,390406.38
8691310070,854179.0
6450303785,327527.94
114100234,489896.84
9212900820,489417.16
4270600025,310032.7
7201600190,470478.2
521049227,798555.75
6300500479,377932.38
1432600100,224611.5
1024000109,345455.38
1430800100,344141.5
9164100125,555182.2
1925069183,505474.5
7852160080,982931.9
5317100780,1382666.0
4083304835,565135.44
9478400080,789004.3
4463400195,238798.33
4232901525,532585.7
3845101070,377081.62
1843130980,302565.06
3810000480,327121.75
7137960440,291734.22
1231001115,372912.12
5101405340,489150.3
3723800409,579936.9
8651430370,203246.97
6135300010,239510.69
23520380,498020.12
2935400100,524603.4
6137500320,951654.4
7841300230,316121.6
3521069051,472828.7
2621400080,297016.9
5104530240,324548.34
2022069200,426622.2
5469501850,416015.6
9206950110,315974.56
3298300210,354379.1
2810600015,379516.12
7298050090,512798.06
7202290620,467203.88
3211290370,461243.5
1591600506,347885.1
2827100070,377541.1
2482410130,408740.75
4364200125,432876.7
6388910730,547556.7
7436500120,524486.4
1822059156,640480.4
9432750190,513410.3
2205700405,433207.78
6056111370,351272.2
3205500160,399735.1
6139100076,366587.06
723069135,416072.75
4123830070,306536.72
2472920740,458063.4
6134500220,616337.0
2734100395,217754.4
3574800090,440002.84
3126049107,485252.62
669000210,1045845.3
1139000620,324480.8
3825311190,703329.6
7300400320,376787.47
9407150250,291701.38
3679400503,303530.0
641900050,412360.75
9169100130,601861.9
8091800140,333021.84
9547201155,547237.25
4154302045,288815.06
6638900265,722042.56
1423069063,442978.25
3335000025,393398.56
9269200650,268841.56
1781500180,368243.53
9211500520,207905.23
1853080150,803581.5
2767704756,468637.2
2206700295,433361.88
2557000380,298187.78
11520200,778777.44
3832710680,244634.56
2569500210,325672.06
5230300210,250842.08
6447300225,1538405.9
5035300325,1191921.4
7853301660,733687.5
5411800250,359916.56
7203210170,658217.5
4302200415,330972.25
7942100290,223456.84
3629860160,835835.0
1423069076,604565.6
525049085,529598.75
3306200230,234504.16
2193310300,452697.94
7978800621,262188.03
4027700632,436709.7
1761100190,229210.72
2749600245,587713.25
322069141,489301.8
1900000035,201494.8
3361400190,190245.62
1604602050,636766.4
9421500160,450871.94
7788400180,296828.44
1566100625,513887.94
3861500340,236096.53
2524069072,327487.28
3013300980,416790.3
4191500130,630115.1
9407150130,318000.62
3904902500,739932.56
9510900140,250510.44
3368900084,317387.94
3432501415,322891.66
4254000540,499345.28
2767603250,551102.2
2923501130,679594.44
9183703045,277629.66
5279100675,310327.03
3905080310,521335.0
2461900375,655589.1
3346300356,508040.5
1865000110,373131.25
9264930400,304603.25
3447000100,613046.9
2313900510,502272.75
7518507330,586618.5
9368700270,214526.98
1137400420,385340.0
2023069054,252639.34
2141320230,598045.3
9536601295,372708.53
2424400130,355848.0
5210200081,435647.9
4443800785,552946.44
7292700005,493669.44
9834201205,311723.2
3275800050,275671.97
6926700654,696259.1
7511000140,1351172.6
6821101895,537021.1
8964800695,1028127.4
6821100195,611301.25
1226059105,643270.0
2806300070,1423350.8
1720069029,342964.94
6384300020,487440.12
8928100125,621378.6
8562770720,545783.0
8650300130,714732.7
2126059172,443895.12
8812401450,754097.0
6646200280,625261.8
4021100045,504434.56
1155620190,395658.8
6061000010,352988.94
3362400472,353677.34
9558020240,493925.75
7309100270,539719.9
7137950210,329781.56
7849200635,187920.4
1311200460,244848.9
284000095,1051313.2
1509700050,310863.38
3438503014,292307.2
9406450090,338786.3
5096300140,431200.84
8923600020,1349424.8
809001070,681232.44
2291400342,317876.66
644210020,812823.44
6700390090,266588.97
5631500285,743856.9
104560120,286082.22
6413100311,374030.3
2558700090,446487.88
1471590060,734805.0
8914100170,573052.3
5652601035,343878.6
7852120140,727501.1
6163900952,317712.1
5215200050,712488.4
6352600490,796502.6
3912000020,538714.9
8830400135,229786.12
5467500040,390003.84
9406570300,410803.22
109200390,223973.69
2025770310,730338.44
1939120450,663798.75
7524900003,2732830.5
3755000120,365581.47
2473002850,563954.44
7625703945,391824.38
9477000190,421936.5
1727500230,426587.44
7011201087,460169.62
5561300750,490163.78
3969300030,208851.53
8097000330,326503.5
2025049064,720474.75
985001321,227772.47
1775500050,480867.03
8849300160,353432.22
2316400285,507614.78
2423020180,558669.5
7128300500,529177.7
9512501400,409423.0
7200179,172829.36
5490210670,538330.3
9527000330,579889.8
1972200326,523819.8
4151800195,601585.25
4046500320,359896.75
9834200885,454193.8
8161020050,521184.0
2891000750,226613.78
3426049031,1197434.6
7387500195,266488.2
6303400395,133761.83
638100015,404379.34
4107100204,2565136.8
537000255,220221.08
985001266,288615.56
1137410040,463571.88
7229900250,258122.7
3905100840,509552.72
8100400160,632557.6
1346300150,2725102.2
1443501020,219735.66
5490700035,364138.22
1954600050,454491.56
8122100690,379751.84
3663000070,489057.78
5101406375,474063.3
426059055,570204.94
9268850160,364402.78
8731800840,256052.92
3331001910,296521.12
7603100020,945909.6
809002705,686654.1
4364200075,293416.62
1113000430,179441.97
1176001117,530631.4
3320000212,398698.8
9286000150,1344014.6
301400830,249338.77
425059024,662622.1
8835350300,523155.84
7100000135,326084.34
7696600240,213328.39
9808640320,1031097.06
3764500180,569057.6
326049060,568338.6
4017110200,452642.06
7224500300,246597.6
1560930050,514966.9
726059395,416137.34
8964800890,2536591.8
4045500620,667365.7
8562710250,987434.75
1775800710,386976.3
9528102865,730630.3
8096000060,681113.56
1591000015,291377.06
2310000430,279681.28
3902300350,594659.94
4068300280,260860.08
8732130730,248452.36
6791100410,529719.4
7660100236,395369.34
2568200070,860379.0
7697870310,256601.88
8562901100,601262.56
4016800120,304456.28
7338200180,575704.94
6791400320,272603.06
616000200,407692.75
2917200675,473031.66
2926049086,610847.3
3621059048,431045.38
7987401095,725458.3
5589900590,368621.12
855700170,579188.4
4030500130,316736.03
1755700060,388459.88
2413900050,670767.4
2489200250,446452.06
420000085,240966.11
8106300820,475183.7
8651730580,449776.53
8106300090,381873.75
9842300095,407392.0
9477000280,412128.78
2877102495,413618.0
868001030,970359.75
8564860110,522167.62
6762700452,551728.6
3294700310,204225.56
7231501665,227487.42
7525900050,487888.0
7882600326,1557302.8
104550690,306319.34
3425059076,994640.9
8835770170,2062315.8
2581300010,1154080.1
844000180,247031.3
7888100240,238612.5
3845100670,453791.75
4027700812,501125.2
291310390,342514.94
9550200370,616653.3
2328800130,297595.1
2372800100,243992.9
2923039264,614316.8
9282801720,300586.1
9520900230,533332.9
985000955,253691.16
1099600090,241489.0
9211010320,517513.3
3825310820,815697.8
9545240180,572051.1
87000245,187891.1
5041300100,599505.0
3624039150,258042.58
1370804430,578836.6
722079056,475415.06
9126100815,480456.62
1770000490,355851.8
3995700250,404046.97
7214820400,410585.7
2473411130,368101.28
1824059079,925533.1
3080000030,510567.78
984200540,324389.44
524059063,1689137.5
9482700475,773500.8
8024200820,489392.78
8568700015,353728.47
1223089050,373471.25
2205500400,474623.22
1279300085,666578.1
7376300085,460785.84
322069020,445199.12
291310150,367486.53
724069059,1626362.5
5255200220,409083.44
1931300850,462912.1
4427100105,412626.3
2881700231,341104.9
8641500280,284501.72
5406500440,679147.75
8078390150,696070.94
8945300090,205110.6
8819901030,819957.7
3179100220,743939.5
2126079046,372595.3
2621750350,312739.62
4014400190,416593.16
7853420110,597667.0
2114700368,299097.06
3438501081,273639.22
6850700670,770422.56
3352402272,257508.38
4157600150,579848.5
8151600941,293239.72
5160300030,523433.44
3820350120,324872.44
7338000800,192085.97
3359500110,797063.4
8016300240,592944.6
7203120050,802195.44
3322049201,234058.06
7231502505,228086.23
8106100105,4461562.0
3895100039,905397.94
1001200035,214948.12
2724201202,205788.11
4038100110,528753.4
8827900015,641866.94
2644900109,378730.62
302000375,233226.0
1604600095,380807.38
2600040160,607457.56
2129700525,307569.0
603000555,327929.75
4083302225,918813.44
7298000090,447040.28
2484700015,516940.12
8945100320,218232.47
5112800042,425594.94
8091411100,285894.06
7375100070,459996.38
7577700061,576504.25
7923700030,440994.03
4235400186,395211.62
1498303700,763711.44
3876312350,413796.2
3797001815,435620.47
868002015,1333795.1
597000550,399269.94
8956200530,390496.16
2207100165,491097.8
7942100180,224032.55
2468800040,345792.03
9842300036,387656.0
5700003985,1868275.0
2988000070,373669.25
8857320260,545408.8
2600040130,522218.06
6632900452,558917.06
7518505910,552563.56
1672000170,632653.56
2597800010,543575.9
8562790720,742988.9
4219401080,1940090.8
7000100711,715013.9
7954000125,574386.06
5700003640,1852292.1
5700000275,692886.25
4019301205,485015.34
8943600360,273867.25
2954400400,1272121.9
1321400060,260604.16
2255500123,590398.75
2781260070,416774.06
1313000220,701704.9
1125069153,1554731.0
8899000310,268508.56
4139450360,861831.5
5511600315,564622.75
3575302575,522143.4
3226049054,481126.3
274100090,297051.9
1545802080,242643.2
6669020500,300385.9
3307700405,525146.56
3760500407,1845243.6
7853270100,708489.9
9320350020,567506.1
7715800430,456171.8
6791400100,350635.9
7708000010,413029.88
1448800010,268493.94
1782500035,361524.47
3449500050,484799.8
2856100515,810887.6
1245000461,1009160.7
1219000043,331759.53
5409800110,363471.38
2680700010,679029.4
8143100350,395472.56
2597150270,283578.94
2966800010,338868.44
8854000010,641434.06
2207200635,430877.38
1722059222,335045.38
9358002305,377805.44
6392001950,494680.62
3630080070,391584.72
3797001702,1026126.8
8127700440,708120.25
1446400785,207862.25
5016002275,826604.06
2818100060,1261405.0
6431000748,381905.5
7972600450,335252.8
8078570380,312345.0
7889601320,181080.56
1762600280,968751.1
3026059085,1385776.8
3475000080,692460.4
1370802620,620766.6
5151600285,290293.22
2722049218,335046.9
7696300080,401493.94
4168100020,223154.98
1474000050,438505.47
2473480350,311010.7
1139600270,287407.38
6699940120,365237.16
7016100120,410234.0
6752510010,784944.06
7915100490,620081.44
984210170,322812.2
6159400030,420090.2
3013300968,414537.1
6404600006,238261.06
2770602170,404707.12
1922059401,221577.55
291300010,362591.62
3856905185,483854.5
7304300905,307008.3
3416600185,598169.75
1786810040,745203.4
4354700010,404847.56
3902100175,796871.7
4305600360,428226.75
3622069114,622385.75
4376700570,583499.4
6795100589,581306.25
3344500085,493081.75
2206500105,414796.8
8731900880,345496.7
1682000160,202055.12
5104200380,252453.95
1982201595,556169.5
795002190,207903.38
7228500375,523468.12
9412200280,450120.8
5071401000,999310.5
597000566,331743.0
8151600101,144677.0
2028700265,486307.25
1670400090,131045.28
7851980100,1014137.75
5595900345,380819.22
4046700300,375387.72
4324210120,271527.97
2616800050,567695.7
1525079069,696936.6
9828201020,543277.56
2723069146,661703.06
9468200100,586700.25
2883200961,615878.2
1137300690,679359.1
2473100280,354779.75
723049448,248762.56
3066410810,680281.75
5700003280,937480.4
9268200440,425413.8
4053200410,272376.88
1234000704,1295759.5
2473372170,442805.12
2523039239,261997.95
4324500490,206914.89
238000244,449504.12
1105000571,360830.22
1771000430,324381.75
666000142,684066.1
3389900800,415971.16
3578700017,568216.25
3629970190,776973.1
255450250,320800.34
1154100205,279980.9
3629890190,1140691.5
3905080870,536181.8
8155820110,297738.84
5135000170,755594.7
2464400435,605277.2
9482700080,555343.0
318900080,463327.75
9477001410,392484.28
825079019,663430.5
1471701200,433989.12
5606000120,868671.75
7853350220,553384.94
1776460110,450204.25
3904920980,683871.25
8087800430,562678.25
3298200320,399555.62
9122500080,276540.62
7893804845,307070.78
1370803730,612200.0
8001450170,297928.1
5561400260,629408.5
7308600010,756430.6
3524039060,288219.62
7300400150,350355.12
207700050,580089.9
5595900355,231957.25
2652500285,807243.56
6744701310,1865954.0
525069127,1233910.8
3334000050,409985.53
8682220390,700616.0
4038700380,570516.7
8073000265,380011.88
9521100960,715293.1
5634500688,896383.5
6813600440,431432.84
1072010350,537596.75
7853301700,638088.75
5141000571,287359.25
2013802060,533428.9
7852070210,1221188.1
1402970070,317641.2
2310040020,361205.84
646910560,247641.14
6647400090,437913.94
8682231110,553028.94
4376700330,611880.6
8069000075,658050.0
7147600220,218324.38
4142450330,269928.25
5101404698,439623.6
6154500070,979277.4
1592000640,590365.94
3756900027,537255.44
7203220130,886845.9
643300010,530861.25
8651720150,464835.88
4139400910,752331.25
5054800110,325324.12
8835200330,433532.78
7682200340,267456.9
7203600745,355682.2
1895000260,243018.75
7922750020,558500.4
5437200050,450505.5
8732160250,255823.19
1442870440,500658.3
1471700410,373937.2
3204800330,389738.56
1923000160,1055504.8
2719100013,363082.38
3814900380,334733.38
326049038,468156.0
1068000110,897476.0
8835800010,1180128.8
1560920200,477409.94
1668500090,701952.06
2597530070,825731.56
1139000035,642594.56
8032700072,498465.3
7732300390,715280.1
5130000080,499898.8
9276200890,452898.7
342000036,488738.94
5126300060,495775.44
2331300505,688877.8
8651410090,182137.89
200800330,444666.25
7520000616,306781.2
7170200110,461681.7
3021059155,219093.08
3582900280,1011366.75
7340600845,220571.9
3905040060,524948.4
3224800120,301848.3
6021503740,518738.22
2570300130,409077.3
8121100395,466425.94
3356404198,235638.31
3630090050,755104.5
923000413,460277.44
9201300020,1486913.1
1777600210,647058.56
7738500731,4444498.5
686900010,965668.5
7967000160,328559.94
3413700130,572246.8
7852190290,593005.44
1180007375,660782.0
3353404510,296632.38
7802900380,332833.5
8021700715,637705.06
3205100080,446080.4
4477000290,577457.9
1118001645,1527731.1
7979900806,311009.7
7228500415,656459.8
7212660640,329732.44
3826000735,199137.5
7714000250,438227.8
4400200057,695149.06
2487200279,559769.4
7140700690,266681.25
3304300080,544461.4
2887950110,257300.97
3760500222,775933.44
9269200786,370020.25
3734900110,216918.81
5045700400,510496.25
2140950130,475991.94
2612000200,382031.06
8563300085,447142.44
2425059173,646137.4
8091410930,293842.44
9422400035,591267.4
1112000100,642501.6
1323089056,433759.62
5015000596,897716.9
1535204165,465740.38
1438000430,490867.3
3222059130,560639.75
1982200330,688377.3
6624010010,231450.33
2303900035,4635079.0
259600620,512383.25
6072500490,500306.3
123039633,359372.47
8562780090,326798.4
5249802240,652196.9
6071200400,526426.9
826069002,327802.25
2625079030,799839.0
6742700210,1342540.8
9253900408,1626583.0
2560803085,241406.69
1237500540,349173.56
425069020,1131133.4
9185700440,2513907.5
8656300345,356820.44
4245400045,254974.25
9834201370,391107.6
7853300770,428760.78
9551201295,518904.06
898000220,230793.17
3834000720,379713.75
1245500690,744611.1
4083304190,609697.25
4178300080,761658.0
2960900045,615903.8
1446801030,253625.98
7855800910,722761.3
7853310150,641447.2
8732131090,282016.8
7967600285,458070.44
8651520510,553862.5
5379802650,226006.73
1425059174,457642.4
627300105,943127.5
3124089049,469425.06
1778350270,718802.4
8691500410,382297.5
9169600043,523786.94
100300500,302433.0
3221069054,642447.44
4443800385,548552.94
7922710450,771871.5
7880020030,648953.8
3288020050,331410.94
4136980090,755343.9
1687000240,303421.84
7812801785,246877.03
1126059144,692055.0
792500260,362557.25
3222049055,741479.9
8635750090,688924.1
2767601280,887696.9
5347200162,221878.4
7503800210,259248.81
3394100020,1185542.4
7663700783,417781.44
9454200030,421100.97
3791500050,276144.22
582000185,593476.75
3211230260,429040.0
323059103,380836.12
7297700055,340666.6
1545805460,252512.97
2341800195,313381.75
6648700150,281052.53
3860900035,1638176.5
1980200236,555251.25
1180002745,313105.9
3275890310,664217.6
6840701100,463463.03
8651402750,168392.75
1588600045,394701.3
2422029094,278076.12
1702901500,374153.84
3755100005,497926.44
3624039074,290199.25
7950302995,416752.06
5273200060,619532.06
8025700460,262957.94
280610020,1040398.7
3333002450,378029.25
7379600240,530181.0
4058802300,318084.94
302000065,199922.4
9527000180,538790.4
3626039403,349823.88
9510900360,247583.81
2310040230,361189.5
7308900490,605665.3
2206900065,337741.2
324059161,926617.6
7345310100,226895.75
2422049107,333346.0
8146100095,655932.5
87000283,362427.9
7937600010,323390.06
2618300350,236173.56
224069102,532835.0
7129302095,208512.12
7352200025,1078235.8
6163900333,347477.1
3528960020,679715.6
1687000220,305285.75
4141400030,594712.25
1822500160,335653.25
5467910190,357642.16
9331800580,262969.75
2407000405,196848.94
5466700290,274954.62
3026059361,456283.97
1523069096,501978.03
3876312010,445272.6
8832900135,745412.6
9238900616,607223.6
4142450040,289892.88
9282800065,263572.75
5379800862,318953.84
2459950010,268042.88
4435000520,200836.28
1552800010,300828.16
7549800543,294949.06
9828200460,413904.75
6345000160,1118028.0
7129304105,297981.28
4302201005,317338.75
2450500110,753272.5
5166700050,570972.4
1085623710,368100.6
1123049129,292318.56
8566100200,1016828.3
1774000780,463486.8
9492500170,795098.75
686530530,653032.9
4022907770,588793.75
6052400975,268889.78
3438502501,428937.06
3758900023,1100846.0
1645000580,263814.7
8099200030,241746.03
7635801371,474156.5
3456000310,761259.5
2025059150,819013.75
2624039114,488070.62
3348401095,310611.62
6633900170,507189.16
2600000510,702598.4
9414700020,350305.84
3204800520,376784.1
1844500025,338061.38
4137010590,377106.62
8564950280,530582.75
1338800491,987338.6
4058801702,763976.3
461004720,560884.7
3123059107,675066.6
6819100380,570502.5
1193000390,946884.75
3450300270,345202.94
3110800040,281513.62
1437910090,513340.03
3645500050,400520.94
4338800600,245823.72
2114700530,350495.44
6381500450,357684.0
9206950200,291542.22
4232900940,728751.94
1025049174,1170177.0
7774200070,769737.3
1231000310,491870.88
8155870200,303862.53
7935000625,924843.7
2426049079,291369.47
4037500230,527424.0
2331550120,324522.44
7974200765,502946.25
686200510,592237.75
4024100670,436037.2
3834500195,486324.38
3526059115,545666.75
7950304075,296329.9
1386800054,309733.06
9834200165,539194.25
6147650300,329694.2
6891800360,563431.8
9170500060,590220.7
65000260,760323.2
7784400130,504723.94
7941140070,359697.44
2122049096,194705.8
6003000851,381122.9
7203220050,936901.6
8898700960,295888.3
5245600105,199767.33
3530470190,171720.03
7883603965,292980.75
4022902505,525598.56
3211100240,340459.8
5119010090,535690.7
3821000100,257298.11
7301300050,390195.62
2171400197,354697.75
9471201175,1612242.8
2473450200,395572.12
2258500045,461419.12
1139000400,472931.06
3298701025,238007.17
1498302774,293629.56
9276200190,555649.6
2909300240,675620.2
1250200693,584960.9
3101500010,337301.78
2557000630,267156.44
1324300091,402692.62
2826049260,470702.25
3342100421,636925.94
3524049083,375544.6
9103000393,1681378.2
3121059033,238176.94
7853240200,607628.9
7950700120,260464.47
1822059057,154791.3
1219000473,315507.2
9272201385,752738.8
1336800185,1124216.2
9268851630,429632.8
2788400315,248016.58
3529000930,566949.0
5631500967,439751.06
2188201010,237487.22
8562970040,820035.4
4415600030,334700.53
2473251170,287774.62
7511200020,563494.9
1163400020,255172.38
5412400180,248622.16
255450400,335888.9
1687000210,308294.25
6749700004,287959.03
2738650030,523101.06
9136100420,716696.56
1924069115,802920.8
714000155,625590.25
904000045,707287.5
3395070640,286119.72
6308000010,628595.1
2695600130,360337.12
3626039279,402926.16
1623089039,249456.56
3438501327,307465.16
8118600025,401037.1
7625703435,820915.1
1807900300,852229.4
1862900360,294947.6
2768100186,487177.2
2524059269,895739.94
1126059108,971172.0
7856610130,832451.8
7203000200,238171.73
3630120700,780891.25
1612500090,214676.06
3586500620,829112.1
5207200360,440399.47
6675500035,414066.88
1781500385,367034.78
1150900080,832173.4
9541600355,962042.9
7525530670,783507.75
844000375,324296.6
9578140180,334077.78
9558041130,335424.53
1788800910,198885.62
9550200225,506403.66
8643200055,258869.2
6143000020,287575.88
8941100095,1025062.6
3630010020,422423.4
2895800610,327314.9
822039084,767576.1
5423600080,520398.56
3992700775,441967.7
3816700150,422113.34
4083302485,737164.2
5127000810,348629.0
1725059182,1342430.8
9485930120,373468.88
293850040,626286.75
8731981940,347837.12
3330501545,307851.72
1026069061,795080.9
8121200710,504931.38
3764390100,469831.75
9493200010,323851.8
2902201301,629644.06
3444120130,467948.94
5256500025,481889.1
4022902715,571001.6
871001500,727989.94
2329700440,197449.38
1773100275,234358.5
7852160070,1026995.9
2141330560,611538.4
2505500009,755763.1
8647800150,335121.78
4337000200,241644.66
9264901680,248904.6
1773101050,324620.8
9320990120,314743.2
8856960280,313910.47
5589300585,290844.56
7935000595,905752.2
7203150080,651344.7
5616000030,323929.25
825059178,3139964.5
6666830390,715178.5
8732900840,646973.25
2095800520,498415.44
1771000760,354459.97
1901600090,378092.7
8857600680,220120.19
4038700830,616062.0
8956200070,362882.25
8081500050,2127213.5
567000755,420364.2
424069264,756876.0
1564000410,898674.25
2817100910,318197.4
3303960080,852463.7
3340401535,187301.1
1622059095,296170.78
3278601940,378216.03
7202380120,461628.1
745500010,789426.06
6608500220,418725.88
8024201055,353715.12
8929000140,444491.44
859000160,275714.44
8673400061,414149.97
1269200229,794430.1
6705850300,763975.6
3395040550,293069.53
1697000370,207063.75
5245600120,237970.72
8892900180,212027.77
1794500360,795793.25
2025049192,590295.1
1930301325,935064.9
4217402162,1249299.1
8126300410,544869.0
3345700215,618829.2
2887701420,425518.06
2887701251,416339.3
4036100175,676779.9
6762700515,1042716.9
3192000085,195959.81
226059096,1357678.8
9238900855,441998.6
6706200130,320470.22
2744000010,266840.56
7202271060,685534.2
7923200150,587928.94
162500030,344294.75
2571910210,273798.47
1523059105,347294.78
6052401215,254608.75
6626100260,745820.0
8925100115,1195101.2
5459500165,900944.0
7686202635,193594.44
1118001370,1457006.2
122029066,439075.2
8039900130,326812.9
3262300235,1379717.5
8860500300,335246.84
8956000250,533721.25
1646501920,526495.56
9284801500,440581.06
1442880380,476956.72
1311500020,252105.56
254000695,378138.47
9477101280,410976.34
9510970530,617436.44
6891800500,565457.0
9407000230,279356.94
7202340590,672920.44
8151600590,342449.0
9407001600,293159.6
1771000690,332350.44
1525069134,1009725.8
8645540040,289652.06
9414500200,420735.88
7883607645,197432.23
3845100140,334299.75
2726049164,458311.9
4340610040,305081.44
1245003006,1139647.6
1105000373,258177.33
6083000123,197348.73
1777600450,632447.7
9558000100,424039.2
2473002060,327271.06
943100689,319308.25
7544800395,396823.47
1931300090,648810.75
7936000252,539871.4
7987400316,261603.55
5152700060,686812.75
1721801025,204930.23
3438501450,300837.0
9222400510,397466.6
1796700160,266099.84
323059208,355354.5
3392100050,187229.19
4038500210,644527.25
6324000090,398757.5
7549802535,422217.12
3343900326,473118.38
5701700640,826763.4
5249803185,569138.4
8838900032,814593.25
1237500577,933607.6
8642600090,317354.22
3303100075,486740.7
2133020020,374903.56
7950302890,468577.9
2770601734,674901.0
2538410140,363548.34
8159600360,586450.4
917000300,395766.88
2391600330,378129.6
9285800585,488174.06
2005950050,226407.03
6450301835,348277.72
2473480520,322999.72
2818600010,1246246.2
952006728,333804.6
3422049088,290456.06
3629870420,968039.06
1079350090,317201.9
1509500060,393173.7
4039000050,493771.9
5288200230,742205.8
626400020,757497.1
5457300095,1962580.5
5000500055,228839.7
324000530,467775.3
6713100031,430260.7
3316500200,491108.03
3124059006,1299579.8
1125079111,1550009.0
7852020300,459413.06
123039364,225100.78
7883603190,274302.2
9828700900,587363.0
6821100015,693985.9
9522100375,693411.8
2420069201,243914.16
7504110330,723487.94
475000510,578598.1
2425059074,846775.3
7518503685,456923.84
5466400550,228921.95
7852150720,432412.2
3066400140,598866.2
3298400470,526335.56
2902200874,711133.0
9500900110,213558.88
8835200160,354283.94
6056100295,294252.12
1858600042,347001.78
7224500010,284398.16
5457801925,791778.0
7575620750,267245.0
2391600735,475241.1
6192400180,813445.8
5249803870,521299.97
3575302880,411925.97
7225000045,203653.11
5561720180,276920.06
1972200428,503206.75
892000025,175302.62
2944510080,287606.7
2428100100,706336.3
6647400250,480916.22
121059038,365888.34
6398000191,549944.1
526059103,297688.94
8856960720,303565.7
3832500260,264243.2
1623089025,465475.62
3625710080,1091318.4
6446200060,722333.75
5706200370,447410.88
5515600088,240943.12
8029500360,338107.5
6700390150,264266.25
642500080,416542.2
6150700264,379103.97
2473371780,398769.53
3905120540,586292.06
2652501215,758804.5
3176100110,691044.1
7574910650,778473.1
6385800030,286283.06
4443800960,535074.8
8731951490,282190.66
3380900125,340273.12
9828701508,600011.94
6699950310,368995.72
3321049112,388507.16
1824079052,993062.25
8032700140,850930.6
8679600150,529473.5
5040800120,878737.1
2026059119,429215.38
4024100951,432634.1
7212650990,337455.78
936000060,350520.84
6181500340,332542.56
1137400050,424202.0
3324079092,447324.34
4268200055,315604.62
6145602240,407347.75
475000176,448740.16
3279000120,238496.81
9392200030,254566.38
3438500714,364411.38
4306500070,379415.97
8588000610,200621.34
792500190,343078.12
2461900850,451905.94
2660500365,360245.06
5451210100,798041.94
2787000040,300413.0
3278602670,206345.2
9528100899,622578.25
1324079085,351688.5
9477001140,389091.0
9521100880,713370.6
7853210060,411940.8
1326069094,379713.34
3420069065,366046.06
5468730280,269247.3
5437600140,326783.2
5127000410,371616.2
5445300050,571447.2
3375300360,235769.17
9297800165,554891.5
6021500840,607098.6
4323700230,440839.06
643000110,249757.03
8043700105,2616070.0
6824100014,424162.06
9542830480,326146.22
736100065,934430.5
2592210510,847597.5
4233600260,994967.1
1266200015,734098.5
2787700060,364246.3
8843900396,401892.78
8029500380,259366.12
5292200010,435591.38
1773100980,319897.56
2886200070,559826.75
8594400110,349996.1
9268850180,350888.75
4141800285,1448697.9
3188100007,460044.88
1796380960,266450.12
7202330030,479817.78
8078440140,562809.6
7983200060,191226.77
4427100025,435168.75
2113700510,279328.66
6446200305,640914.4
3425079088,574158.4
3304040130,327887.62
3222069153,315612.97
5127000470,375686.28
7525100520,415632.22
1868902745,841247.75
2920700220,382688.8
1105000780,395000.34
8563080020,860376.0
3630090110,787860.56
856000195,2091285.8
8649401000,212484.34
1315300095,735661.7
6802200670,256497.38
1523069022,355242.0
2624049165,463136.7
1972202080,566188.2
7211340030,229761.05
8850000180,396562.22
2787250080,530843.9
4235401055,518211.88
5226500250,513814.12
3294700421,327769.84
322069180,717622.0
1025059186,489203.06
1923039022,600571.06
1402600110,385711.47
6817810190,411201.28
434000030,651512.44
6056110460,546957.44
4337000285,256447.1
5710610250,620956.6
1049010620,216412.28
5112800234,322619.97
2309000060,495536.5
2985800030,484908.7
1604601570,379792.16
1563102435,825329.1
257000105,173115.55
6788201440,733721.6
1442300005,403326.94
4055700784,823171.2
3889100029,774683.5
4139450760,1069829.2
6079500230,667506.0
259601010,398798.7
3980300020,294531.78
9390700100,526644.7
7200001005,468524.2
9264920250,268324.03
8682260470,438897.12
4083303815,777349.56
7383450250,338623.62
253600180,417256.88
1450000210,181967.0
1133000100,451082.34
7511000050,1034461.0
5710600030,574808.94
4178300310,759234.06
3041700570,561812.2
1238500978,448397.7
431500155,629175.9
2937300050,963200.4
1352300315,205719.28
3277800823,329533.0
8895800110,983687.6
9274200318,548756.4
1118001805,2208933.0
629810720,835152.0
6852700476,617694.5
7345200650,234350.84
8929000290,426717.8
5506500170,594634.3
8899000140,246885.9
4006000423,277995.4
7137910140,241684.03
2423020010,430112.88
40000362,161690.47
1657000070,225641.38
2124700015,260844.61
1887500045,270754.78
6838000170,430749.34
1310910290,325020.28
3599600276,207528.97
8142000080,378711.3
8856971000,285358.75
624100950,767171.5
2767704332,480551.6
405100165,407781.78
6117501755,418710.88
8961950410,308763.8
1523550480,581497.94
6840701160,578216.3
3331500650,297268.06
1862400517,383021.62
9558021000,373080.66
1310800090,207538.69
5104511040,342206.94
522059189,229944.44
3448720020,381434.03
1310700330,278977.22
5649600462,305936.4
1853000510,1008786.1
8128700005,301148.03
6352600210,830546.75
3754500010,732240.0
1962200475,869555.06
1773100765,244894.03
8895800200,925874.9
1310900260,332725.22
809001525,924776.75
2624049103,307779.3
9191200380,630096.1
6600060120,428336.22
8150100045,272349.8
9558010190,367377.28
4038700930,573366.9
2883200775,666619.4
4036800910,473651.25
8673400177,558790.0
7110000068,795474.25
3279000240,225292.45
9545230280,555029.5
8815400105,581604.5
6738700075,869528.9
8732030490,301859.94
9532000070,534276.5
7752400075,510062.38
3824100051,385587.53
2768000270,488752.4
108000127,515167.38
844000225,278928.5
6817850040,950070.25
4447300137,963515.9
8598900125,351871.75
5072410070,472750.62
7129300520,241522.25
3830210020,194573.19
4137040250,300510.7
3022079080,684202.06
722039087,218002.03
3924500040,738077.3
2473381090,348413.72
2201500490,368005.12
9265410090,219232.1
9286750100,403592.6
2023700040,608394.25
324000280,617933.25
3814800280,352393.47
7697100030,482319.7
8731900790,299808.47
8044700010,561360.94
6123600100,200031.12
1450100390,186958.05
579000550,439076.5
2459000020,312044.56
5016000315,490029.03
1193000190,804160.25
4038700730,553530.4
1556200265,736608.0
6600410170,199698.25
642800130,692705.4
1043000100,355386.47
7809200055,260129.38
7010700308,996433.1
8680500090,543931.5
2719100355,644158.4
7905200147,546539.44
271200130,226704.95
326049103,514136.53
8682211030,443368.0
1070000390,1240201.6
8648700450,639977.8
2695600410,462663.84
8562710640,1012571.9
1525200060,635142.0
1822039138,745162.2
2767601375,565680.5
3425069117,1308040.5
952004570,334335.12
7625702616,340323.38
9818700430,470693.56
2822059091,253456.56
1775900220,351798.88
6371000079,655792.9
293760150,972002.0
1336800880,1283258.2
2771600550,1309632.1
3905040040,510425.94
7787110060,436879.03
7708250040,352403.4
4022901316,499803.3
191100235,978643.0
7852050220,362308.66
3293700480,413661.88
2597450620,1422633.4
6169900580,1518897.8
2767602855,727324.5
810000080,959121.25
6392000625,476101.94
1865810290,171598.39
1568100380,349618.6
5249804760,377166.3
1337801060,874586.5
6181410950,242389.39
9264900660,316142.5
9122001231,593415.56
4427100030,386687.75
7334400070,294287.25
425079001,583881.75
7436500360,518740.75
1245001295,691316.3
1310500550,300673.94
4047200950,239294.9
9103000455,756511.0
2291400341,317876.66
3876100310,428703.1
7131300031,276095.47
7853380510,644886.4
7409700215,645494.75
5248800250,350841.6
126039323,400499.22
6632300207,358327.94
3826501060,263121.25
8024202520,413194.88
3343901401,478927.25
6431000005,584662.2
9232900075,351775.1
3056700150,215595.94
5104511250,467443.2
3658700510,620254.75
2895110062,288692.75
7454000990,257294.66
4038700680,550588.7
7811220070,561471.06
8091670030,350389.72
3438503045,242488.34
6388900710,503593.8
7956300020,186571.2
1775930440,493199.0
1762600190,944400.9
6600400260,208044.69
8728550150,573699.0
8155500110,605511.25
9169600135,474050.0
1777600490,667444.5
125059179,622384.4
7558700030,5915107.0
1702900624,348534.1
3343901403,518754.56
5101400994,334337.94
5547500050,277749.16
1705400350,380192.25
629810800,948182.75
4104900150,540318.44
7888000390,186648.28
4140900270,392306.88
6649900030,430764.66
820000012,442991.16
6151800080,332133.0
7454001060,258755.92
8682262330,410955.6
1566100010,382475.03
1180500070,414524.9
1112630130,377791.78
3101500090,383852.7
8682310220,679713.56
4032500035,431372.06
1623800440,519910.9
1088400190,239399.42
751000080,418837.25
6675500070,399531.16
2193340140,544402.0
522049074,363241.62
3204500340,270884.0
5104200470,464876.8
7517500611,750726.9
2946002140,250600.69
7631800110,1070539.5
3529300330,322359.28
3885801970,624039.94
5456000570,1310954.6
4123810090,359794.62
4037000635,520468.62
8079030350,466480.97
1726069060,720307.56
6858700225,233245.6
3356406510,207048.73
5423030040,611070.6
3111300040,462926.75
259800060,491646.44
1972202320,465375.62
5100403818,358286.75
1422700040,222581.31
3625049014,3052680.2
7852011040,584424.5
1201500010,706670.7
7195800009,320414.12
9407001320,274329.38
9508850100,666659.5
1328340380,277075.03
3885804305,1133804.4
7128300630,638193.5
7574000080,408219.6
3744000150,450163.0
2607720150,540134.1
7203190110,648304.0
3904902430,667233.0
11501160,803707.5
9209900315,526511.44
9465910030,584236.7
3622069103,667470.06
3288301010,477456.8
4395600060,881544.1
7694200380,342409.88
9552700550,669284.25
9264921110,275182.9
6738700225,885705.06
293620220,844420.6
7525300310,649825.6
3992700036,433038.97
3577300040,450661.66
3812400202,195753.61
2402100055,660961.4
1853080790,814194.8
1994200260,728448.44
1339300025,797002.3
7616200050,539053.0
4022902555,646766.1
9528102110,637388.75
6613001241,1545931.8
3205400240,356583.97
6065300840,1501080.0
7852040080,519134.12
1920079039,245974.1
2817910030,459196.0
1563102880,729020.6
8561200110,532472.25
629000605,1252714.6
2781270440,240727.66
6152900273,328303.66
3303950130,372855.47
6411600113,337924.47
4055700167,870083.2
291310310,544961.06
9523100550,858429.0
724069070,847099.2
2408800120,386978.3
7559600200,660356.2
8165500790,364311.38
7856620870,885978.8
1588600040,337497.38
1023059246,495514.0
1938000140,826248.9
6061400160,384654.5
4167300350,259914.88
8649400790,271560.16
173000036,317392.88
225039049,576695.5
8043700300,2586422.5
3834000400,396177.62
4054530260,1855547.4
8724300010,675481.3
9358002232,352317.2
3298700012,242833.5
1125059071,826898.3
3885805300,465374.94
5315100784,1279067.2
3861400030,805027.1
7202340010,637040.06
7272001805,317198.0
2781250230,336529.5
1042700300,839172.5
123039279,178621.28
3760500336,1421906.1
6979940100,794854.4
686300880,674425.25
5214500690,449380.94
6021502250,615056.44
1320069223,300397.5
2871000300,797957.8
2724069117,417195.75
1159400220,791295.3
2571900380,275338.7
5528600050,371571.72
7686202730,158801.31
2225059118,928824.7
2558630350,440913.62
3655400060,419364.6
9558200080,290730.97
1796100015,557848.9
3378900020,488605.25
5416500040,321278.34
8856004582,209381.8
3812400107,418197.38
6126601445,486232.7
2997800021,457804.28
1211000280,345543.78
766800090,252234.69
3224079005,305542.47
619000100,356206.62
4319200620,366886.38
626059335,516493.1
3340401570,280683.94
7015200800,625664.25
8106300510,489522.56
1446110020,455366.03
2872900280,604444.0
8965500320,754904.1
7853300070,518123.75
5652601455,733870.4
7579200915,947725.4
2641400160,386234.22
203900460,420988.34
2998800040,613391.75
7519000170,562686.0
923000425,782703.06
2973800030,208946.08
6430500182,1041165.25
7304301010,382875.56
3861470110,2259787.0
2296500136,647153.5
6790950150,762294.6
8123100045,484498.6
3142600130,623176.9
7137970130,318295.8
8656800190,361324.25
7135300046,280835.75
3629960680,456614.62
1133000385,673150.94
1085621960,286821.94
9542802000,196868.66
8151600973,554523.4
7019000050,372431.62
6021501920,623271.94
7399300420,245404.47
7548300731,555644.56
5316100220,981356.9
5152600090,317869.9
1703400470,375393.7
7316400070,339516.7
5561300380,474412.8
2215450100,329310.7
8635750330,644049.6
9492500140,786015.06
5315100393,698503.7
8588000315,229373.69
7524200180,243439.16
4235400255,387328.3
326069131,641382.2
4077800026,858972.94
9477000120,370921.5
5608000590,970755.0
4137050130,278255.44
5249801440,366733.94
9264901510,269158.2
5437820250,209970.03
200500410,459202.1
9407111100,279099.7
126039252,385903.0
6141100255,428225.84
3013300830,356257.6
3271300955,881863.7
3021059276,261793.0
9542000050,684688.75
2769600035,811265.06
3824100364,455089.53
1726069202,369334.72
7327500270,369987.62
1189000207,451839.44
2472950160,265796.12
9558040050,586138.0
3438503120,338123.97
9407150240,282049.53
1370804295,647717.1
5700001100,634544.06
6837820030,433018.4
5411600210,816260.6
5061300030,216572.9
525069133,960144.0
2121000250,346779.62
3179100720,659151.25
2780700050,457948.97
1545805820,293065.53
5702380630,260985.25
9211010260,538764.94
7129300595,258238.72
6802200100,240891.28
3304030140,410792.44
2623039019,993285.0
104500730,204324.1
2924069132,639079.6
1775500310,624993.6
8114000040,318467.22
2011400021,399289.5
7525570020,676967.06
2917200615,410561.72
7697000170,293685.12
7871500070,805495.44
7215722010,514144.44
6300000378,496742.94
7159200005,2276843.2
8946410040,408296.66
3893100327,371380.56
635000009,895545.4
2322069116,455582.88
2760200050,327746.1
3432500210,297742.38
5700000245,590610.75
7588700177,298261.25
9178600135,718207.56
9830200475,423270.3
8562780160,326973.78
9826701665,551845.2
7504010900,678005.25
2770606915,502953.3
1254200075,611529.94
2473450430,446654.8
1433290010,436559.0
7586200061,338175.8
6841700070,550998.75
9826701320,478849.62
8943600720,288795.06
6791900260,754767.9
2301400640,734562.1
7979900210,352417.47
4037200665,420938.66
984000650,300435.1
2937300060,885009.2
8731982190,258837.23
1445200190,257102.16
952003285,783057.2
1402970020,381284.44
2487700274,409167.7
8113101670,413083.38
8682300400,604897.0
809002435,728361.5
4045900147,595260.0
2991000400,285453.44
9456200405,198396.86
5104510370,300080.53
9414610240,477038.75
2111010760,342999.6
1854900430,675108.25
2624300080,882813.4
3645100280,480533.44
1433100010,260593.44
9533600100,1132423.5
6743700030,495429.34
9294300070,669759.75
2114700540,243378.61
7853280550,736576.5
868000175,705350.9
1446401290,228133.88
9109000050,280910.28
8856004327,246937.9
2329800110,269593.06
3031200230,382134.53
7582700075,1851739.2
2422049104,159078.25
9274202885,516506.1
1770000090,414041.16
9500900430,237815.8
7305900082,357945.3
3336000170,365579.22
5680000455,792405.9
9808630210,944412.8
8807810110,436346.22
3824100211,434181.3
3423059153,573800.0
3937900120,501015.2
524059323,804295.2
4305600250,500595.66
1257201375,590815.5
853600150,1293351.5
2424059174,1335196.8
5205000400,299866.88
2658000115,216099.48
3055800020,274544.6
357000025,589197.1
5666300010,340414.75
4167700210,247977.53
9187200275,686032.7
2960900040,440209.44
1021049022,247585.53
7750500120,223936.88
7153200160,1269372.5
4406000390,219961.22
629800380,1383313.5
2026049125,257249.61
6117502230,2151767.0
3379100130,490660.62
2472920140,435742.6
7214720075,610432.0
1771110070,332237.78
5127001600,317634.7
6666860210,317980.7
5467200055,334889.8
7819000040,353238.22
3790700070,296905.7
6362900138,338314.4
597000593,341323.62
8032700070,694328.25
9301300215,1182399.2
8902500118,408502.38
6607000095,387629.53
2163900081,813367.9
7732500270,668545.6
3856903515,689497.8
2557000400,274087.53
4386700135,1764062.5
7399000360,304246.12